<?xml version="1.0" encoding="UTF-8" standalone="yes"?>
<addon id="repository.repogtking.Matrix" name="[B]Repo [COLOR dodgerblue]GTKING[/COLOR][/B]" version="1.0." provider-name="gtkingbuild">
       <extension point="xbmc.addon.repository" name="Repo GTKING MATRIX">
	   <dir minversion="19.0" maxversion="19.9.0">
              <info compressed="false">https://raw.githubusercontent.com/gtkingbuild/Repo-GTKingMATRIX/master/leia/zips/addons.xml</info>
              <checksum>https://raw.githubusercontent.com/gtkingbuild/Repo-GTKingMATRIX/master/leia/zips/addons.xml.md5</checksum>
              <datadir zip="true">https://raw.githubusercontent.com/gtkingbuild/Repo-GTKingMATRIX/master/leia/zips/</datadir>
		</dir>
        <dir minversion="19.9.0">
		      <info compressed="false">https://raw.githubusercontent.com/gtkingbuild/Repo-GTKingMATRIX/master/leia/zips/addons.xml</info>
              <checksum>https://raw.githubusercontent.com/gtkingbuild/Repo-GTKingMATRIX/master/leia/zips/addons.xml.md5</checksum>
              <datadir zip="true">https://raw.githubusercontent.com/gtkingbuild/Repo-GTKingMATRIX/master/leia/zips/</datadir>
			   </dir>
    
       </extension>
       <extension point="xbmc.addon.metadata">
              <summary lang="en">Repo [COLOR dodgerblue]GTKING[/COLOR]</summary>
              <description lang="en">Repositorio de addons [COLOR dodgerblue]GTKING[/COLOR] [COLOR white]MATRIX[/COLOR]</description>
              <disclaimer>Este repositorio sólo aloja addons válidos para Kodi 19.x MATRIX.</disclaimer>
              <platform>all</platform>
       </extension>
</addon>
