{
  "id": "veranime",
  "name": "VerAnime",
  "active": true,
  "adult": false,
  "language": [],
  "thumbnail":"https://i.imgur.com/1QaWK0X.png",
  "banner": "",
  "fanart": "",
  "categories": [
    "anime"
  ],
  "force_unify": true,
  "settings": [
    {
      "id": "filter_languages",
      "type": "list",
      "label": "Mostrar enlaces en idioma...",
      "default": 0,
      "enabled": true,
      "visible": true,
      "lvalues": [
        "No filtrar",
        "CAST",
        "LAT",
        "VOSE"
      ]
    }
  ]
}
