<?xml version="1.0" encoding="UTF-8"?>
<colors>
    <!-- New -->
	<color name="main_bg_50">4d0382ff</color>
    <!-- Main -->
    <color name="main_bg_100">ff181818</color>
    <color name="main_bg_70">b3181818</color>
    <color name="main_bg_30">4d181818</color>
    <color name="main_bg_12">1f181818</color>

    <color name="main_fg_100">ffcccccc</color>
    <color name="main_fg_70">b3cccccc</color>
    <color name="main_fg_30">4dcccccc</color>
    <color name="main_fg_12">1fcccccc</color>

    <color name="darkline_separator">9f000000</color>

    <!-- Dialogs -->
    <color name="dialog_bg_100">FFcccccc</color>
    <color name="dialog_bg_70">B3cccccc</color>
    <color name="dialog_bg_30">4Dcccccc</color>
    <color name="dialog_bg_12">1Fcccccc</color>

    <color name="dialog_fg_100">FF181818</color>
    <color name="dialog_fg_70">B3181818</color>
    <color name="dialog_fg_30">4D181818</color>
    <color name="dialog_fg_12">1F181818</color>

    <!-- Panels -->
    <color name="panel_bg">c5000000</color>
    <color name="panel_fg_100">FFcccccc</color>
    <color name="panel_fg_70">B3cccccc</color>
    <color name="panel_fg_30">4Dcccccc</color>
    <color name="panel_fg_12">1Fcccccc</color>
    
    <!-- Background -->
    <color name="Background">FF181818</color>
    <color name="FanartDim_Reduced">bb181818</color>
    <color name="FanartDim_Increased">8b181818</color>
    <color name="FanartDim_NoVignette_Reduced">db181818</color>
    <color name="FanartDim_NoVignette_Increased">bb181818</color>

    <!-- Backing Panels and Furniture -->
    <color name="PixelLines">1fffffff</color>
    <color name="PosterBack">3f444444</color>
    <color name="PosterFront">ffededed</color>
    <color name="PosterFront_70">bfcccccc</color>
    <color name="PosterFront_30">4dcccccc</color>

    <!-- Highlight -->
    <color name="Highlight">ff0385b5</color>
    <color name="Highlight2">ffe5b535</color>
    <color name="GradientHighlight">ff35e55e</color>
    <color name="Overlay">ff287ba8</color>
    <color name="Selected">ffededed</color>

</colors>
