<?xml version="1.0" encoding="UTF-8"?>
<!-- Foundation -->
<window id="2003">
    <defaultcontrol always="true">9570</defaultcontrol>
    <onload condition="Skin.HasSetting(ForceExtendedInfo) + System.HasAddon(script.extendedinfo) + [Container.Content(movies) | Container.Content(tvshows) | Container.Content(seasons) | Container.Content(episodes)]">Action(close)</onload>
    <onload condition="Skin.HasSetting(ForceExtendedInfo) + System.HasAddon(script.extendedinfo) + Container.Content(movies) + Skin.String(ListItem.IMDBNumber)">RunScript(script.extendedinfo,info=extendedinfo,dbid=$INFO[ListItem.DBID],imdb_id=$INFO[ListItem.IMDBNumber],name=$INFO[ListItem.Title])</onload>
    <onload condition="Skin.HasSetting(ForceExtendedInfo) + System.HasAddon(script.extendedinfo) + Container.Content(movies) + !Skin.String(ListItem.IMDBNumber)">RunScript(script.extendedinfo,info=extendedinfo,dbid=$INFO[ListItem.DBID],name=$INFO[ListItem.Title])</onload>
    <onload condition="Skin.HasSetting(ForceExtendedInfo) + System.HasAddon(script.extendedinfo) + Container.Content(tvshows) + Skin.String(ListItem.IMDBNumber)">RunScript(script.extendedinfo,info=extendedtvinfo,dbid=$INFO[ListItem.DBID],tvdb_id=$INFO[ListItem.IMDBNumber],name=$INFO[ListItem.TVShowTitle])</onload>
    <onload condition="Skin.HasSetting(ForceExtendedInfo) + System.HasAddon(script.extendedinfo) + Container.Content(tvshows) + !Skin.String(ListItem.IMDBNumber)">RunScript(script.extendedinfo,info=extendedtvinfo,dbid=$INFO[ListItem.DBID],name=$INFO[ListItem.TVShowTitle])</onload>
    <onload condition="Skin.HasSetting(ForceExtendedInfo) + System.HasAddon(script.extendedinfo) + Container.Content(seasons)">RunScript(script.extendedinfo,info=seasoninfo,tvshow=$INFO[ListItem.TVShowTitle],dbid=$INFO[ListItem.DBID],season=$INFO[ListItem.Season])</onload>
    <onload condition="Skin.HasSetting(ForceExtendedInfo) + System.HasAddon(script.extendedinfo) + Container.Content(episodes)">RunScript(script.extendedinfo,info=extendedepisodeinfo,tvshow=$INFO[ListItem.TVShowTitle],dbid=$INFO[ListItem.DBID],episode=$INFO[ListItem.Episode],season=$INFO[ListItem.Season])</onload>

    <onload>ClearProperty(TrailerPlaying,Home)</onload>
    <onunload>ClearProperty(TrailerPlaying,Home)</onunload>
    <controls>


        <control type="list" id="300">
            <top>30</top>
            <onup condition="Skin.HasSetting(EnablePressingUp)">9601</onup>
            <ondown>9500</ondown>
            <include>Topbar_Menu_Layout</include>
            <include>Items_Info</include>
        </control>
        <include>Topbar_Info</include>

        <control type="group">
            <visible allowhiddenfocus="true">!$EXP[Exp_HideFurniture]</visible>
            <include>Animation_FadeInOut</include>
            <include>Object_UpDownInfoArrows</include>
            <control type="group">
                <include>Animation_Right_Delay</include>
                <animation type="Conditional" condition="Control.IsVisible(430)" reversible="false">
                    <effect type="slide" end="0,20" time="60" tween="sine" />
                    <effect type="slide" end="0,-20" time="180" tween="sine" delay="80" />
                </animation>
                <animation type="Conditional" condition="Control.IsVisible(431)" reversible="false">
                    <effect type="slide" end="0,-20" time="60" tween="sine" />
                    <effect type="slide" end="0,20" time="180" tween="sine" delay="80" />
                </animation>
                <visible>!Window.IsVisible(script-script.extendedinfo-DialogVideoInfo.xml) + !Window.IsVisible(script-script.extendedinfo-DialogInfo.xml)</visible>
                <control type="scrollbar" id="9560">
                    <top>0</top>
                    <right>0</right>
                    <width>8</width>
                    <top>0</top>
                    <bottom>0</bottom>
                    <showonepage>false</showonepage>
                    <orientation>vertical</orientation>
                    <texturesliderbackground colordiffuse="main_fg_12">common/white.png</texturesliderbackground>
                    <texturesliderbar colordiffuse="main_fg_30">common/white.png</texturesliderbar>
                    <texturesliderbarfocus colordiffuse="$VAR[ColorHighlight]">common/white.png</texturesliderbarfocus>
                    <animation effect="fade" start="100" end="33" time="400" condition="!Control.HasFocus(9560) + !Container.Scrolling">Conditional</animation>
                    <include>Animation_FadeIn</include>
                    <include>Animation_FadeOut</include>
                </control>

                <control type="grouplist" id="9000">
                    <pagecontrol>9560</pagecontrol>
                    <top>90</top>
                    <bottom>110</bottom>
                    <itemgap>0</itemgap>
                    <usecontrolcoords>true</usecontrolcoords>
                    <orientation>vertical</orientation>
                    <control type="group">
                        <top>30</top>
                        <height>410</height>
                        <left>view_pad</left>
                        <right>view_pad</right>
                        <control type="button" id="9570">
                            <include>Defs_Hidden_Button</include>
                            <onfocus condition="!Skin.HasSetting(ForceExtendedInfo)">SetFocus(300,0)</onfocus>
                            <onup>SetFocus(300,0)</onup>
                            <ondown>SetFocus(300,0)</ondown>
                        </control>
                        <control type="group">
                            <height>360</height>
                            <control type="group">
                                <left>0</left>
                                <width>240</width>
                                <visible>!String.IsEqual(ListItem.DBType,musicvideo)</visible>
                                <control type="group">
                                    <left>-10</left>
                                    <right>-10</right>
                                    <bottom>-10</bottom>
                                    <top>-10</top>
                                    <include>Defs_PosterBack</include>
                                    <control type="image">
                                        <bordersize>10</bordersize>
                                        <aspectratio scalediffuse="false">scale</aspectratio>
                                        <texture diffuse="diffuse/widgetposter.png" fallback="DefaultAddonImages.png">$VAR[Image_Poster]</texture>
                                    </control>
                                    <control type="image">
                                        <bordersize>10</bordersize>
                                        <texture colordiffuse="PixelLines" border="20">common/outline.png</texture>
                                    </control>
                                </control>
                            </control>
                            <control type="group">
                                <visible>String.IsEqual(ListItem.DBType,musicvideo)</visible>
                                <left>0</left>
                                <width>360</width>
                                <height>360</height>
                                <control type="group">
                                    <left>-10</left>
                                    <right>-10</right>
                                    <bottom>-10</bottom>
                                    <top>-10</top>
                                    <include>Defs_PosterBack</include>
                                    <control type="image">
                                        <bordersize>10</bordersize>
                                        <aspectratio scalediffuse="false">scale</aspectratio>
                                        <texture diffuse="diffuse/widgetposter.png" fallback="DefaultAddonImages.png">$VAR[Image_Poster]</texture>
                                    </control>
                                    <control type="image">
                                        <bordersize>10</bordersize>
                                        <texture colordiffuse="PixelLines" border="20">common/outline.png</texture>
                                    </control>
                                </control>
                            </control>
                            <control type="group">
                                <left>270</left>
                                <top>10</top>
                                <include content="Object_Info" condition="!String.IsEqual(ListItem.DBType,musicvideo)">
                                    <param name="id" value="50" />
                                    <param name="width" value="1654" />
                                    <param name="discart" value="true" />
                                    <param name="hdsd_flag" value="true" />
                                    <param name="visible" value="true" />
                                    <param name="plot_height" value="95" />
                                    <param name="titleright" value="300" />
                                </include>
                                <control type="image">
                                    <texture colordiffuse="main_fg_100">$INFO[ListItem.Studio,resource://resource.images.studios.white/,.png]</texture>
                                    <height>109</height>
                                    <width>161</width>
                                    <aspectratio aligny="center" align="center">keep</aspectratio>
                                    <right>0</right>
                                </control>
                            </control>
                            <control type="group">
                                <left>390</left>
                                <height>360</height>
                                <include content="Object_Info" condition="String.IsEqual(ListItem.DBType,musicvideo)">
                                    <param name="id" value="50" />
                                    <param name="width" value="1654" />
                                    <param name="discart" value="true" />
                                    <param name="hdsd_flag" value="true" />
                                    <param name="visible" value="true" />
                                    <param name="plot_height" value="170" />
                                </include>
                            </control>
                        </control>
                        <!-- Audio Flags -->
                        <control type="grouplist">
                            <bottom>-44</bottom>
                            <usecontrolcoords>true</usecontrolcoords>
                            <itemgap>10</itemgap>
                            <orientation>horizontal</orientation>
                            <align>right</align>
                            <right>0</right>
                            <height>32</height>
                            <control type="label">
                                <font>font_statusbar</font>
                                <textcolor>main_fg_100</textcolor>
                                <aligny>center</aligny>
                                <width>auto</width>
                                <height>29</height>
                                <label>$LOCALIZE[21447]</label>
                                <visible>!String.IsEmpty(ListItem.Property(AudioLanguage.1))</visible>
                            </control>
                            <control type="image">
                                <width>32</width>
                                <height>32</height>
                                <aspectratio>keep</aspectratio>
                                <texture fallback="lang/eng.png">$INFO[ListItem.Property(AudioLanguage.1),lang/,.png]</texture>
                                <visible>!String.IsEmpty(ListItem.Property(AudioLanguage.1))</visible>
                            </control>
                            <control type="image">
                                <width>32</width>
                                <height>32</height>
                                <aspectratio>keep</aspectratio>
                                <texture fallback="lang/eng.png">$INFO[ListItem.Property(AudioLanguage.2),lang/,.png]</texture>
                                <visible>!String.IsEmpty(ListItem.Property(AudioLanguage.2))</visible>
                            </control>
                            <control type="image">
                                <width>32</width>
                                <height>32</height>
                                <aspectratio>keep</aspectratio>
                                <texture fallback="lang/eng.png">$INFO[ListItem.Property(AudioLanguage.3),lang/,.png]</texture>
                                <visible>!String.IsEmpty(ListItem.Property(AudioLanguage.3))</visible>
                            </control>
                            <control type="image">
                                <width>32</width>
                                <height>32</height>
                                <aspectratio>keep</aspectratio>
                                <texture fallback="lang/eng.png">$INFO[ListItem.Property(AudioLanguage.4),lang/,.png]</texture>
                                <visible>!String.IsEmpty(ListItem.Property(AudioLanguage.4))</visible>
                            </control>
                            <control type="image">
                                <width>32</width>
                                <height>32</height>
                                <aspectratio>keep</aspectratio>
                                <texture fallback="lang/eng.png">$INFO[ListItem.Property(AudioLanguage.5),lang/,.png]</texture>
                                <visible>!String.IsEmpty(ListItem.Property(AudioLanguage.5))</visible>
                            </control>
                            <control type="group">
                                <width>10</width>
                                <visible>!String.IsEmpty(ListItem.Property(AudioLanguage.1))</visible>
                                <visible>!String.IsEmpty(ListItem.Property(SubtitleLanguage.1))</visible>
                            </control>
                            <control type="label">
                                <font>font_statusbar</font>
                                <textcolor>main_fg_100</textcolor>
                                <aligny>center</aligny>
                                <width>auto</width>
                                <height>29</height>
                                <label>$LOCALIZE[21448]</label>
                                <visible>!String.IsEmpty(ListItem.Property(SubtitleLanguage.1))</visible>
                            </control>
                            <control type="image">
                                <width>32</width>
                                <height>32</height>
                                <aspectratio>keep</aspectratio>
                                <texture fallback="lang/eng.png">$INFO[ListItem.Property(SubtitleLanguage.1),lang/,.png]</texture>
                                <visible>!String.IsEmpty(ListItem.Property(SubtitleLanguage.1))</visible>
                            </control>
                            <control type="image">
                                <width>32</width>
                                <height>32</height>
                                <aspectratio>keep</aspectratio>
                                <texture fallback="lang/eng.png">$INFO[ListItem.Property(SubtitleLanguage.2),lang/,.png]</texture>
                                <visible>!String.IsEmpty(ListItem.Property(SubtitleLanguage.2))</visible>
                            </control>
                            <control type="image">
                                <width>32</width>
                                <height>32</height>
                                <aspectratio>keep</aspectratio>
                                <texture fallback="lang/eng.png">$INFO[ListItem.Property(SubtitleLanguage.3),lang/,.png]</texture>
                                <visible>!String.IsEmpty(ListItem.Property(SubtitleLanguage.3))</visible>
                            </control>
                            <control type="image">
                                <width>32</width>
                                <height>32</height>
                                <aspectratio>keep</aspectratio>
                                <texture fallback="lang/eng.png">$INFO[ListItem.Property(SubtitleLanguage.4),lang/,.png]</texture>
                                <visible>!String.IsEmpty(ListItem.Property(SubtitleLanguage.4))</visible>
                            </control>
                            <control type="image">
                                <width>32</width>
                                <height>32</height>
                                <aspectratio>keep</aspectratio>
                                <texture fallback="lang/eng.png">$INFO[ListItem.Property(SubtitleLanguage.5),lang/,.png]</texture>
                                <visible>!String.IsEmpty(ListItem.Property(SubtitleLanguage.5))</visible>
                            </control>
                        </control>
                    </control>

                    <!-- Cast -->
                    <control type="group">
                        <left>view_pad</left>
                        <right>view_pad</right>
                        <height>455</height>
                        <top>-15</top>
                        <visible>!Skin.HasSetting(VideoInfo.CastList)</visible>
                        <visible>!String.IsEqual(ListItem.DBType,musicvideo)</visible>
                        <visible>Integer.IsGreater(Container(50).NumItems,0) | Container(50).IsUpdating</visible>
                        <!-- Info Label -->
                        <control type="grouplist">
                            <visible>!String.IsEmpty(ListItem.DBID) | Integer.IsEqual(Container(9550).NumItems,0)</visible>
                            <top>20</top>
                            <height>42</height>
                            <left>0</left>
                            <align>left</align>
                            <itemgap>12</itemgap>
                            <usecontrolcoords>true</usecontrolcoords>
                            <orientation>horizontal</orientation>
                            <include>Object_DownArrows</include>
                            <control type="label">
                                <font>font_small</font>
                                <textcolor>main_fg_100</textcolor>
                                <aligny>center</aligny>
                                <width>auto</width>
                                <height>100%</height>
                                <label>$LOCALIZE[206]</label>
                            </control>
                            <control type="label">
                                <font>font_small</font>
                                <textcolor>$VAR[ColorHighlight]</textcolor>
                                <aligny>center</aligny>
                                <width>auto</width>
                                <height>100%</height>
                                <label>|</label>
                                <visible>Control.HasFocus(50)</visible>
                            </control>
                            <control type="label">
                                <font>font_small</font>
                                <textcolor>main_fg_100</textcolor>
                                <aligny>center</aligny>
                                <width>auto</width>
                                <height>100%</height>
                                <label>$INFO[Container(50).ListItem.Label]$INFO[Container(50).ListItem.Label2, [COLOR=main_fg_30]$LOCALIZE[20347][/COLOR] ,]</label>
                                <visible>Control.HasFocus(50)</visible>
                            </control>

                        </control>

                        

                        <!-- Cast -->
                        <control type="group" id="9500">
                            <onup>9570</onup>
                            <ondown>9501</ondown>
                            <control type="button" id="9950">
                                <visible>Control.IsVisible(50)</visible>
                                <include>Defs_Hidden_Button</include>
                                <onup>9570</onup>
                                <ondown>9501</ondown>
                                <onleft>SetFocus(50)</onleft>
                                <onleft>Left</onleft>
                                <onleft>SetFocus(9950)</onleft>
                                <onright>SetFocus(50)</onright>
                                <onright>Right</onright>
                                <onright>SetFocus(9950)</onright>
                                <onclick>SetFocus(9959)</onclick>
                            </control>
                            <control type="list" id="50">
                                <include>Animation_FadeInOut</include>
                                <visible>!Container(9550).IsUpdating</visible>
                                <visible>!String.IsEmpty(ListItem.DBID) | Integer.IsEqual(Container(9550).NumItems,0)</visible>
                                <visible>Integer.IsGreater(Container(50).NumItems,0) | Container(50).IsUpdating</visible>
                                <onup>9570</onup>
                                <ondown>9501</ondown>
                                <orientation>horizontal</orientation>
                                <animation effect="fade" start="100" end="0" time="0" condition="Container(50).IsUpdating">Conditional</animation>
                                <include content="View_Actor_Layout">
                                    <param name="id" value="50" />
                                    <param name="altfocus" value="Control.HasFocus(9950)" />
                                </include>
                            </control>
                            <include content="Dialog_VideoInfo_BusyIndicator">
                                <param name="id" value="50" />
                            </include>
                            <include content="Object_VideoInfo_CastList" condition="String.IsEmpty(ListItem.DBID) + String.IsEqual(ListItem.DBTYPE,movie) + System.HasAddon(script.skin.helper.service)">
                                <param name="onup" value="9570" />
                                <param name="id" value="9550" />
                                <param name="ondown" value="9501" />
                                <param name="label" value="$LOCALIZE[206]" />
                                <param name="content" value="plugin://script.skin.helper.service/?action=getcast&amp;movie=$INFO[ListItem.Title]&amp;castaction=extendedinfo" />
                                <param name="infolabel" value="true" />
                                <param name="pad" value="0" />
                                <param name="top" value="0" />
                            </include>
                            <include content="Object_VideoInfo_CastList" condition="String.IsEmpty(ListItem.DBID) + String.IsEqual(ListItem.DBTYPE,tvshow) + System.HasAddon(script.skin.helper.service)">
                                <param name="onup" value="9570" />
                                <param name="id" value="9550" />
                                <param name="ondown" value="9501" />
                                <param name="label" value="$LOCALIZE[206]" />
                                <param name="content" value="plugin://script.skin.helper.service/?action=getcast&amp;tvshow=$INFO[ListItem.Title]&amp;castaction=extendedinfo" />
                                <param name="infolabel" value="true" />
                                <param name="pad" value="0" />
                                <param name="top" value="0" />
                            </include>
                            <include content="Object_VideoInfo_CastList" condition="String.IsEmpty(ListItem.DBID) + String.IsEqual(ListItem.DBTYPE,season) + System.HasAddon(script.skin.helper.service)">
                                <param name="onup" value="9570" />
                                <param name="id" value="9550" />
                                <param name="ondown" value="9501" />
                                <param name="label" value="$LOCALIZE[206]" />
                                <param name="content" value="plugin://script.skin.helper.service/?action=getcast&amp;tvshow=$INFO[ListItem.TvShowTitle]&amp;castaction=extendedinfo" />
                                <param name="infolabel" value="true" />
                                <param name="pad" value="0" />
                                <param name="top" value="0" />
                            </include>
                            <include content="Object_VideoInfo_CastList" condition="String.IsEmpty(ListItem.DBID) + String.IsEqual(ListItem.DBTYPE,episode) + System.HasAddon(script.skin.helper.service)">
                                <param name="onup" value="9570" />
                                <param name="id" value="9550" />
                                <param name="ondown" value="9501" />
                                <param name="label" value="$LOCALIZE[206]" />
                                <param name="content" value="plugin://script.skin.helper.service/?action=getcast&amp;episode=$INFO[ListItem.Label]&amp;castaction=extendedinfo" />
                                <param name="infolabel" value="true" />
                                <param name="pad" value="0" />
                                <param name="top" value="0" />
                            </include>
                        </control>
                    </control>

                    <!-- Director Movies 9501 -->
                    <include content="Object_VideoInfo_CastList" condition="String.IsEqual(ListItem.DBType,movie)">
                        <param name="onup" value="9500" />
                        <param name="id" value="9501" />
                        <param name="ondown" value="9502" />
                        <param name="label" value="$INFO[ListItem.Director,$LOCALIZE[31016] ,]" />
                        <param name="content" value="plugin://script.extendedinfo?info=personmovies&amp;&amp;person=$INFO[ListItem.Director]" />
                        <param name="infolabel" value="false" />
                        <param name="include_onclick" value="true" />
                        <param name="onclick" value="RunScript(script.extendedinfo,info=extendedinfo,name=$INFO[ListItem.Label],imdb_id=$INFO[ListItem.IMDBNumber])" />
                        <param name="visible" value="!Skin.HasSetting(VideoInfo.DirectorMovies)" />
                    </include>

                    <!-- Next Up Episodes 9501 -->
                    <include content="Object_VideoInfo_CastList" condition="!String.IsEqual(ListItem.DBType,movie)">
                        <param name="onup" value="9500" />
                        <param name="id" value="9501" />
                        <param name="ondown" value="9502" />
                        <param name="label" value="$LOCALIZE[31221]" />
                        <param name="episodelayout" value="true" />
                        <param name="itemwidth" value="606.66" />
                        <param name="infolabel" value="false" />
                        <param name="include_content" value="false" />
                        <param name="include_content_nextup" value="true" />
                        <param name="visible" value="!Skin.HasSetting(VideoInfo.NextUp)" />
                    </include>

                    <!-- Similar Movies 9502 -->
                    <include content="Object_VideoInfo_CastList" condition="String.IsEqual(ListItem.DBType,movie)">
                        <param name="onup" value="9501" />
                        <param name="id" value="9502" />
                        <param name="ondown" value="9503" />
                        <param name="label" value="$INFO[ListItem.Title,$LOCALIZE[31350],]" />
                        <param name="content" value="plugin://script.skin.helper.widgets/?action=similar&amp;mediatype=movies&amp;imdbid=$INFO[ListItem.IMDBNumber]" />
                        <param name="infolabel" value="false" />
                        <param name="include_onclick" value="true" />
                        <param name="onclick" value="RunScript(script.extendedinfo,info=extendedinfo,name=$INFO[ListItem.Label],imdb_id=$INFO[ListItem.IMDBNumber])" />
                        <param name="visible" value="!Skin.HasSetting(VideoInfo.SimilarMovies)" />
                    </include>

                    <!-- Similar TvShows 9502 -->
                    <include content="Object_VideoInfo_CastList" condition="!String.IsEqual(ListItem.DBType,movie)">
                        <param name="onup" value="9501" />
                        <param name="id" value="9502" />
                        <param name="ondown" value="9503" />
                        <param name="label" value="$INFO[ListItem.Title,$LOCALIZE[31350],]" />
                        <param name="content" value="plugin://script.skin.helper.widgets/?action=similar&amp;mediatype=tvshows&amp;imdbid=$INFO[ListItem.IMDBNumber]" />
                        <param name="infolabel" value="false" />
                        <param name="include_onclick" value="true" />
                        <param name="onclick" value="RunScript(script.extendedinfo,info=extendedtvinfo,name=$INFO[ListItem.Label])" />
                        <param name="visible" value="!Skin.HasSetting(VideoInfo.SimilarTvShows)" />
                    </include>

                    <!-- Studio Movies 9503 -->
                    <include content="Object_VideoInfo_CastList">
                        <param name="onup" value="9502" />
                        <param name="id" value="9503" />
                        <param name="ondown" value="9504" />
                        <param name="label" value="$INFO[ListItem.Studio,$LOCALIZE[31025] ,]" />
                        <param name="content" value="$VAR[Defs_VideoInfo_StudioMovies]" />
                        <param name="infolabel" value="false" />
                        <param name="include_onclick" value="true" />
                        <param name="onclick" value="RunScript(script.extendedinfo,info=extendedinfo,name=$INFO[ListItem.Label],imdb_id=$INFO[ListItem.IMDBNumber])" />
                        <param name="visible" value="!Skin.HasSetting(VideoInfo.StudioMovies)" />
                    </include>

                    <!-- Images -->
                    <include content="Object_VideoInfo_CastList">
                        <param name="onup" value="9503" />
                        <param name="id" value="9504" />
                        <param name="ondown" value="9505" />
                        <param name="label" value="$LOCALIZE[31365]" />
                        <param name="content" value="$VAR[Defs_VideoInfo_Images]" />
                        <param name="content2" value="$VAR[Defs_VideoInfo_Images2]" />
                        <param name="content3" value="$VAR[Defs_VideoInfo_Images3]" />
                        <param name="infolabel" value="false" />
                        <param name="itemwidth" value="606.66" />
                        <param name="showfocuslabel" value="false" />
                        <param name="include_onclick" value="true" />
                        <param name="onclick" value="SetFocus(9991)" />
                        <param name="visible" value="!Skin.HasSetting(VideoInfo.ExtraFanart)" />
                    </include>

                    <!-- Extras -->
                    <include content="Object_VideoInfo_CastList" condition="!Skin.HasSetting(DisableTrailerPreview)">
                        <param name="onup" value="9504" />
                        <param name="id" value="9505" />
                        <param name="ondown" value="9506" />
                        <param name="label" value="$LOCALIZE[31169]" />
                        <param name="focuslabel" value="$INFO[Container(9505).ListItem.Duration, - ,]" />
                        <param name="content" value="$VAR[Defs_VideoInfo_Extras]" />
                        <param name="infolabel" value="false" />
                        <param name="itemwidth" value="606.66" />
                        <param name="fallbackimage" value="common/playring.png" />
                        <param name="include_onclick" value="true" />
                        <param name="onclick" value="SetProperty(TrailerPlaying,9505,Home)" />
                        <param name="onclick2" value="PlayMedia($INFO[ListItem.FileNameAndPath],1)" />
                        <param name="onclick3" value="SetFocus(9002)" />
                        <param name="visible" value="!Skin.HasSetting(VideoInfo.SpecialFeatures)" />
                    </include>
                    <include content="Object_VideoInfo_CastList" condition="Skin.HasSetting(DisableTrailerPreview)">
                        <param name="onup" value="9504" />
                        <param name="id" value="9505" />
                        <param name="ondown" value="9506" />
                        <param name="label" value="$LOCALIZE[31169]" />
                        <param name="focuslabel" value="$INFO[Container(9505).ListItem.Duration, - , $LOCALIZE[31020]]" />
                        <param name="content" value="$VAR[Defs_VideoInfo_Extras]" />
                        <param name="infolabel" value="false" />
                        <param name="itemwidth" value="606.66" />
                        <param name="fallbackimage" value="common/playring.png" />
                        <param name="include_onclick" value="false" />
                        <param name="visible" value="!Skin.HasSetting(VideoInfo.SpecialFeatures)" />
                    </include>

                    <control type="group">
                        <top>-15</top>
                        <height>455</height>
                        <left>view_pad</left>
                        <right>view_pad</right>
                        <control type="button" id="9506">
                            <onup>9505</onup>
                            <ondown>SetFocus(431)</ondown>
                            <include>Defs_Hidden_Button</include>
                        </control>
                        <!-- Info Label -->
                        <control type="grouplist">
                            <top>20</top>
                            <height>42</height>
                            <left>0</left>
                            <align>left</align>
                            <itemgap>12</itemgap>
                            <usecontrolcoords>true</usecontrolcoords>
                            <orientation>horizontal</orientation>
                            <include>Object_DownArrows</include>
                            <control type="label">
                                <font>font_small</font>
                                <textcolor>main_fg_100</textcolor>
                                <aligny>center</aligny>
                                <width>auto</width>
                                <height>100%</height>
                                <label>$LOCALIZE[19033]</label>
                            </control>
                        </control>
                        <control type="image">
                            <top>60</top>
                            <right>0</right>
                            <width>360</width>
                            <height>360</height>
                            <aspectratio>keep</aspectratio>
                            <texture background="true">$INFO[ListItem.Art(discart)]</texture>
                            <visible>String.IsEqual(ListItem.DBType,movie)</visible>
                        </control>
                        <control type="image">
                            <top>60</top>
                            <right>0</right>
                            <width>360</width>
                            <height>360</height>
                            <aspectratio>keep</aspectratio>
                            <texture background="true">$INFO[ListItem.Art(characterart)]</texture>
                            <visible>!String.IsEqual(ListItem.DBType,movie)</visible>
                        </control>
                        <control type="grouplist">
                            <top>90</top>
                            <right>390</right>
                            <orientation>vertical</orientation>
                            <itemgap>9</itemgap>
                            <include content="Object_VideoInfo_InfoSection">
                                <param name="label" value="$LOCALIZE[561]" />
                                <param name="label2" value="ListItem.FileName" />
                            </include>
                            <include content="Object_VideoInfo_InfoSection">
                                <param name="label" value="$LOCALIZE[573]" />
                                <param name="label2" value="ListItem.Path" />
                                <param name="haspath" value="true" />
                            </include>
                            <include content="Object_VideoInfo_InfoSection">
                                <param name="label" value="$LOCALIZE[31352]" />
                                <param name="label2" value="ListItem.DateAdded" />
                            </include>
                            <include content="Object_VideoInfo_InfoSection">
                                <param name="label" value="$LOCALIZE[572]" />
                                <param name="label2" value="ListItem.Studio" />
                                <param name="label3" value="$INFO[ListItem.Country,(,)]" />
                            </include>
                            <include content="Object_VideoInfo_InfoSection">
                                <param name="label" value="$LOCALIZE[20459]" />
                                <param name="label2" value="ListItem.Tag" />
                            </include>
                            <include content="Object_VideoInfo_InfoSection">
                                <param name="label" value="$LOCALIZE[20141]" />
                                <param name="label2" value="ListItem.Set" />
                            </include>
                            <!-- <include content="Object_VideoInfo_InfoSection">
                                <param name="label" value="$LOCALIZE[574]" />
                                <param name="label2" value="ListItem.Country" />
                            </include> -->
                            <include content="Object_VideoInfo_InfoSection">
                                <param name="label" value="$LOCALIZE[20417]" />
                                <param name="label2" value="ListItem.Writer" />
                            </include>
                            <include content="Object_VideoInfo_InfoSection">
                                <param name="label" value="$LOCALIZE[202]" />
                                <param name="label2" value="ListItem.Tagline" />
                            </include>
                            <include content="Object_VideoInfo_InfoSection">
                                <param name="label" value="$LOCALIZE[31289]" />
                                <param name="label2" value="Window(Home).Property(SkinHelper.ListItem.Awards)" />
                            </include>
                        </control>
                    </control>
                </control>

                <!-- Flags -->
                <control type="group">
                    <bottom>view_pad</bottom>
                    <height>40</height>
                    <left>view_pad</left>
                    <right>view_pad</right>
                    <control type="group">
                        <include content="Object_Flags">
                            <param name="container" value="" />
                            <param name="directory" value="color" />
                            <param name="align" value="left" />
                        </include>
                    </control>
                    <!-- Info -->
                    <control type="grouplist">
                        <align>right</align>
                        <right>0</right>
                        <height>40</height>
                        <itemgap>50</itemgap>
                        <orientation>horizontal</orientation>
                        <control type="label">
                            <height>40</height>
                            <font>font_small</font>
                            <textcolor>main_fg_100</textcolor>
                            <aligny>center</aligny>
                            <width max="1200">auto</width>
                            <label>$INFO[ListItem.Director,[COLOR=main_fg_30]$LOCALIZE[20339]   [/COLOR],]</label>
                            <visible>!String.IsEmpty(ListItem.Director)</visible>
                        </control>
                    </control>
                </control>

            </control>
        </control>

        <control type="group">
            <include content="Object_PlotOverlay">
                <param name="visible" value="!Window.IsVisible(script-script.extendedinfo-DialogVideoInfo.xml) + !Window.IsVisible(script-script.extendedinfo-DialogInfo.xml)" />
            </include>
        </control>

        <control type="group">
            <visible>Player.HasVideo</visible>
            <visible>!String.IsEmpty(Window(Home).Property(TrailerPlaying)) + !Skin.HasSetting(DisableTrailerPreview)</visible>
            <include>Animation_FadeIn_Slide</include>
            <include>Animation_FadeOut</include>
            <centerleft>50%</centerleft>
            <centertop>50%</centertop>
            <width>1280</width>
            <height>720</height>
            <control type="image">
                <texture colordiffuse="ff000000">common/white.png</texture>
            </control>
            <control type="videowindow">
                <width>100%</width>
                <height>100%</height>
            </control>
             <control type="image">
                <centerleft>50%</centerleft>
                <top>-140</top>
                <aspectratio>keep</aspectratio>
                <height>100</height>
                <texture>$INFO[ListItem.Art(clearlogo)]</texture>
            </control>
            <control type="group">
                <height>10</height>
                <width>1294</width>
                <top>784</top>
                <left>-7</left>
                <control type="progress" id="401">
                    <height>100%</height>
                    <width>100%</width>
                    <info>Player.Progress</info>
                </control>
                <control type="progress">
                    <description>Progressbar</description>
                    <height>100%</height>
                    <width>100%</width>
                    <info>Player.Progress</info>
                    <texturebg colordiffuse="00ffffff" border="4">diffuse/progress-bg.png</texturebg>
                    <lefttexture colordiffuse="00ffffff" border="4">diffuse/progress-left.png</lefttexture>
                    <midtexture colordiffuse="$VAR[ColorHighlight2]" border="4" diffuse="progress/diffuse.png">diffuse/progress-end.png</midtexture>
                    <righttexture colordiffuse="$VAR[ColorHighlight2]" border="4" diffuse="progress/diffuse-end.png">diffuse/progress-right.png</righttexture>
                    <include content="Defs_Progress_Colorfade">
                        <param name="id" value="401" />
                    </include>
                </control>
                <control type="group">
                    <top>16</top>
                    <control type="grouplist">
                        <height>view_pad</height>
                        <align>left</align>
                        <itemgap>12</itemgap>
                        <usecontrolcoords>true</usecontrolcoords>
                        <orientation>horizontal</orientation>
                        <control type="label">
                            <textcolor>main_fg_100</textcolor>
                            <width>1144</width>
                            <include>Statusbar_Menubar_Items</include>
                            <label>$INFO[Player.Title]</label>
                        </control>
                    </control>
                    <control type="grouplist">
                        <height>view_pad</height>
                        <align>right</align>
                        <itemgap>12</itemgap>
                        <usecontrolcoords>true</usecontrolcoords>
                        <orientation>horizontal</orientation>
                        <control type="label">
                            <textcolor>main_fg_100</textcolor>
                            <include>Statusbar_Menubar_Items</include>
                            <label>$INFO[Player.Time]</label>
                        </control>
                        <control type="label">
                            <textcolor>main_fg_100</textcolor>
                            <include>Statusbar_Menubar_Items</include>
                            <label>|</label>
                        </control>
                        <control type="label">
                            <textcolor>main_fg_100</textcolor>
                            <include>Statusbar_Menubar_Items</include>
                            <label>$INFO[Player.Duration]</label>
                        </control>
                    </control>
                </control>
            </control>
            <control type="group">
                <left>-10</left>
                <right>-10</right>
                <top>-10</top>
                <bottom>-10</bottom>
                <include content="View_Selectbox">
                    <param name="overlay" value="false" />
                </include>
            </control>
        </control>

        <control type="button" id ="8">
            <description>Play</description>
            <label>$LOCALIZE[208]</label>
            <include>Defs_Hidden_Button</include>
        </control>

        <control type="button" id="11">
            <description>Trailer button</description>
            <label>20410</label>
            <include>Defs_Hidden_Button</include>
            <visible>!String.IsEmpty(ListItem.Trailer)</visible>
        </control>

        <control type="button" id="9002">
            <label>20339</label>
            <onclick condition="!String.IsEmpty(Window(Home).Property(TrailerPlaying)) + Player.HasMedia">Stop</onclick>
            <onclick condition="String.IsEmpty(Window(Home).Property(TrailerPlaying))">SetFocus(300)</onclick>
            <onclick condition="!String.IsEmpty(Window(Home).Property(TrailerPlaying))">SetFocus($INFO[Window(Home).Property(TrailerPlaying)])</onclick>
            <onclick>ClearProperty(TrailerPlaying,Home)</onclick>

            <onleft condition="!String.IsEmpty(Window(Home).Property(TrailerPlaying)) + Player.HasMedia">StepBack</onleft>
            <onleft condition="String.IsEmpty(Window(Home).Property(TrailerPlaying)) + !Player.HasMedia">SetFocus(300)</onleft>
            <onleft condition="!String.IsEmpty(Window(Home).Property(TrailerPlaying)) + !Player.HasMedia">SetFocus($INFO[Window(Home).Property(TrailerPlaying)])</onleft>
            <onleft condition="!Player.HasMedia">ClearProperty(TrailerPlaying,Home)</onleft>

            <onright condition="!String.IsEmpty(Window(Home).Property(TrailerPlaying)) + Player.HasMedia">StepForward</onright>
            <onright condition="String.IsEmpty(Window(Home).Property(TrailerPlaying)) + !Player.HasMedia">SetFocus(300)</onright>
            <onright condition="!String.IsEmpty(Window(Home).Property(TrailerPlaying)) + !Player.HasMedia">SetFocus($INFO[Window(Home).Property(TrailerPlaying)])</onright>
            <onright condition="!Player.HasMedia">ClearProperty(TrailerPlaying,Home)</onright>

            <onup condition="!String.IsEmpty(Window(Home).Property(TrailerPlaying)) + Player.HasMedia">Stop</onup>
            <onup condition="String.IsEmpty(Window(Home).Property(TrailerPlaying))">SetFocus(300)</onup>
            <onup condition="!String.IsEmpty(Window(Home).Property(TrailerPlaying))">SetFocus($INFO[Window(Home).Property(TrailerPlaying)])</onup>
            <onup>ClearProperty(TrailerPlaying,Home)</onup>

            <ondown condition="!String.IsEmpty(Window(Home).Property(TrailerPlaying)) + Player.HasMedia">Stop</ondown>
            <ondown condition="String.IsEmpty(Window(Home).Property(TrailerPlaying))">SetFocus(300)</ondown>
            <ondown condition="!String.IsEmpty(Window(Home).Property(TrailerPlaying))">SetFocus($INFO[Window(Home).Property(TrailerPlaying)])</ondown>
            <ondown>ClearProperty(TrailerPlaying,Home)</ondown>

            <onback>300</onback>
            <onback condition="!String.IsEmpty(Window(Home).Property(TrailerPlaying)) + Player.HasMedia">Stop</onback>
            <onback condition="String.IsEmpty(Window(Home).Property(TrailerPlaying))">SetFocus(300)</onback>
            <onback condition="!String.IsEmpty(Window(Home).Property(TrailerPlaying))">SetFocus($INFO[Window(Home).Property(TrailerPlaying)])</onback>
            <onback>ClearProperty(TrailerPlaying,Home)</onback>

            <oninfo>300</oninfo>
            <oninfo condition="!String.IsEmpty(Window(Home).Property(TrailerPlaying)) + Player.HasMedia">Stop</oninfo>
            <oninfo condition="String.IsEmpty(Window(Home).Property(TrailerPlaying))">SetFocus(300)</oninfo>
            <oninfo condition="!String.IsEmpty(Window(Home).Property(TrailerPlaying))">SetFocus($INFO[Window(Home).Property(TrailerPlaying)])</oninfo>
            <oninfo>ClearProperty(TrailerPlaying,Home)</oninfo>

            <include>Defs_Hidden_Button</include>
        </control>


        <control type="button" id="9004">
            <label>$LOCALIZE[31221]</label>
            <onclick>SetFocus(9501)</onclick>
            <include>Defs_Hidden_Button</include>
        </control>

        <control type="button" id="9005">
            <label>$LOCALIZE[29915]</label>
            <include>Defs_Hidden_Button</include>
            <onclick condition="String.IsEqual(ListItem.DbType,movie)">RunScript(script.extendedinfo,info=extendedinfo,name=$INFO[ListItem.Title],imdb_id=$INFO[ListItem.IMDBNumber])</onclick>
            <onclick condition="String.IsEqual(ListItem.DbType,tvshow) | String.IsEqual(ListItem.DbType,episode)">RunScript(script.extendedinfo,info=extendedtvinfo,name=$INFO[ListItem.TvShowTitle])</onclick>
            <visible>System.hasAddon(script.extendedinfo) + [String.IsEqual(ListItem.DbType,movie) | String.IsEqual(ListItem.DbType,tvshow) | String.IsEqual(ListItem.DbType,episode)]</visible>
            <onclick>SetFocus(300)</onclick>
        </control>

        <control type="button" id="9006">
            <label>20339</label>
            <onclick>SetFocus(9503)</onclick>
            <visible>String.IsEqual(ListItem.DBType,movie)</visible>
            <visible>!String.IsEmpty(ListItem.IMDBNumber)</visible>
            <include>Defs_Hidden_Button</include>
        </control>

        <control type="button" id ="10">
            <description>Artwork (Get Thumb)</description>
            <label>$LOCALIZE[13405]</label>
            <include>Defs_Hidden_Button</include>
        </control>

        <control type="button" id="9001">
            <label>$LOCALIZE[31389]</label>
            <!-- If ADownloader installed but not ABeef then use AD otherwise prefer AB -->
            <!-- AD has been depreciated but some still use it -->

            <onclick condition="String.IsEqual(ListItem.DBType,tvshow) + System.HasAddon(script.artwork.downloader) + !System.HasAddon(script.artwork.beef)">XBMC.RunScript(script.artwork.downloader, mode=gui, mediatype=tvshow, dbid=$INFO[ListItem.DBID])</onclick>
            <onclick condition="String.IsEqual(ListItem.DBType,movie) + System.HasAddon(script.artwork.downloader) + !System.HasAddon(script.artwork.beef)">XBMC.RunScript(script.artwork.downloader, mode=gui, mediatype=movie, dbid=$INFO[ListItem.DBID])</onclick>

            <onclick condition="String.IsEqual(ListItem.DBType,episode) + System.HasAddon(script.artwork.beef)">XBMC.RunScript(script.artwork.beef, mode=gui, mediatype=episode, dbid=$INFO[ListItem.DBID])</onclick>
            <onclick condition="String.IsEqual(ListItem.DBType,tvshow) + System.HasAddon(script.artwork.beef)">XBMC.RunScript(script.artwork.beef, mode=gui, mediatype=tvshow, dbid=$INFO[ListItem.DBID])</onclick>
            <onclick condition="String.IsEqual(ListItem.DBType,movie) + System.HasAddon(script.artwork.beef)">XBMC.RunScript(script.artwork.beef, mode=gui, mediatype=movie, dbid=$INFO[ListItem.DBID])</onclick>
            <description>Get Artwork</description>
            <include>Defs_Hidden_Button</include>
            <visible>[String.IsEqual(ListItem.DBType,tvshow) | String.IsEqual(ListItem.DBType,movie) | String.IsEqual(ListItem.DBType,musicvideo) | String.IsEqual(ListItem.DBType,episode)] + [system.hasaddon(script.artwork.downloader) | system.hasaddon(script.artwork.beef)]</visible>
        </control>

        <control type="button" id="9011">
            <label>$LOCALIZE[31388]</label>
            <!-- If ADownloader installed but not ABeef then use AD otherwise prefer AB -->
            <!-- AD has been depreciated but some still use it -->

            <onclick condition="String.IsEqual(ListItem.DBType,tvshow) + System.HasAddon(script.artwork.downloader) + !System.HasAddon(script.artwork.beef)">XBMC.RunScript(script.artwork.downloader, mediatype=tvshow, dbid=$INFO[ListItem.DBID])</onclick>
            <onclick condition="String.IsEqual(ListItem.DBType,movie) + System.HasAddon(script.artwork.downloader) + !System.HasAddon(script.artwork.beef)">XBMC.RunScript(script.artwork.downloader, mediatype=movie, dbid=$INFO[ListItem.DBID])</onclick>

            <onclick condition="String.IsEqual(ListItem.DBType,episode) + System.HasAddon(script.artwork.beef)">XBMC.RunScript(script.artwork.beef, mode=auto, mediatype=tvshow, dbid=$INFO[ListItem.DBID])</onclick>
            <onclick condition="String.IsEqual(ListItem.DBType,tvshow) + System.HasAddon(script.artwork.beef)">XBMC.RunScript(script.artwork.beef, mode=auto, mediatype=tvshow, dbid=$INFO[ListItem.DBID])</onclick>
            <onclick condition="String.IsEqual(ListItem.DBType,movie) + System.HasAddon(script.artwork.beef)">XBMC.RunScript(script.artwork.beef, mode=auto, mediatype=movie, dbid=$INFO[ListItem.DBID])</onclick>
            <description>Get Artwork</description>
            <include>Defs_Hidden_Button</include>
            <visible>[String.IsEqual(ListItem.DBType,tvshow) | String.IsEqual(ListItem.DBType,movie) | String.IsEqual(ListItem.DBType,musicvideo) | String.IsEqual(ListItem.DBType,episode)] + [system.hasaddon(script.artwork.downloader) | system.hasaddon(script.artwork.beef)]</visible>
        </control>

        <control type="button" id ="6">
            <description>Refresh</description>
            <label>184</label>
            <include>Defs_Hidden_Button</include>
        </control>

        <control type="button" id ="7">
            <description>Userrating</description>
            <include>Defs_Hidden_Button</include>
        </control>

        <control type="button" id="430">
            <width>1</width>
            <height>1</height>
            <left>-2000</left>
            <animation effect="fade" time="300" start="100" end="0">Focus</animation>
            <onfocus>SetFocus(9000)</onfocus>
            <onclick>noop</onclick>
            <visible allowhiddenfocus="true">Control.HasFocus(430)</visible>
        </control>

        <control type="button" id="431">
            <width>1</width>
            <height>1</height>
            <left>-2000</left>
            <animation effect="fade" time="300" start="100" end="0">Focus</animation>
            <onfocus>SetFocus(9000)</onfocus>
            <onclick>noop</onclick>
            <visible allowhiddenfocus="true">Control.HasFocus(431)</visible>
        </control>

        <control type="group">
            <visible>ControlGroup(9957).HasFocus()</visible>
            <include>Animation_FadeIn</include>
            <include>Global_Overlay</include>
        </control>
        <control type="group">
            <visible>ControlGroup(9957).HasFocus()</visible>
            <include>Animation_FadeIn_SlideUp</include>
            <control type="group">
                <height>242</height>
                <include>Defs_Powermenu_Group</include>
                <include>Defs_Options_Texture</include>
                <control type="label">
                    <top>8</top>
                    <width>458</width>
                    <height>80</height>
                    <left>8</left>
                    <textcolor>dialog_fg_70</textcolor>
                    <font>font_small_bold</font>
                    <label>$INFO[Container(50).ListItem.Label]</label>
                    <align>left</align>
                    <textoffsetx>30</textoffsetx>
                </control>
                <control type="image">
                    <top>16</top>
                    <width>458</width>
                    <height>64</height>
                    <left>-8</left>
                    <aspectratio align="right">keep</aspectratio>
                    <texture colordiffuse="dialog_fg_70">special://skin/extras/icons/kodi.png</texture>
                </control>
                <control type="image">
                    <left>8</left>
                    <width>450</width>
                    <top>86</top>
                    <height>70</height>
                    <texture colordiffuse="$VAR[ColorHighlight]">common/white.png</texture>
                    <animation effect="slide" end="0,70" condition="Integer.IsGreater(Container(9957).Position,0)">Conditional</animation>
                </control>
                <control type="grouplist" id="9957">
                    <left>8</left>
                    <bottom>16</bottom>
                    <width>450</width>
                    <top>86</top>
                    <itemgap>0</itemgap>
                    <control type="button" id="9959">
                        <description>Buttons</description>
                        <onleft>SetFocus(9950)</onleft>
                        <onright>SetFocus(9950)</onright>
                        <onback>9950</onback>
                        <onclick>SetFocus(50)</onclick>
                        <onclick>Select</onclick>
                        <onclick>SetFocus(9950)</onclick>
                        <width>458</width>
                        <label>$LOCALIZE[31046]</label>
                        <include>Defs_Context_Button</include>
                    </control>
                    <control type="button" id="9958">
                        <description>Buttons</description>
                        <onleft>SetFocus(9950)</onleft>
                        <onright>SetFocus(9950)</onright>
                        <onback>9950</onback>
                        <width>458</width>
                        <label>$LOCALIZE[31178]</label>
                        <onclick>SetFocus(9950)</onclick>
                        <onclick>RunScript(script.extendedinfo,info=extendedactorinfo,name=$INFO[Container(50).ListItem.Label])</onclick>
                        <include>Defs_Context_Button</include>
                    </control>
                </control>
            </control>
        </control>

        <control type="group">
            <visible>Control.HasFocus(9991)</visible>
            <include>Animation_FadeIn</include>
            <include>Animation_FadeOut</include>
            <control type="button" id="9991">
                <include>Defs_Hidden_Button</include>
                <onleft>Control.Move(9504,-1)</onleft>
                <onright>Control.Move(9504,1)</onright>
                <onup>Control.Move(9504,-1)</onup>
                <ondown>Control.Move(9504,1)</ondown>
                <onback>9504</onback>
                <oninfo>9504</oninfo>
                <onclick>SetFocus(9504)</onclick>
            </control>
            <control type="image">
                <texture colordiffuse="ff000000">common/white.png</texture>
            </control>
            <control type="group">
                <animation effect="slide" start="0" end="-1920" condition="!Container(9504).OnNext" reversible="false" time="300" tween="quadratic">Conditional</animation>
                <animation effect="slide" start="0" end="1920" condition="!Container(9504).OnPrevious" reversible="false" time="300" tween="quadratic">Conditional</animation>
                <control type="image">
                    <width>1920</width>
                    <height>1080</height>
                    <left>-1920</left>
                    <aspectratio>keep</aspectratio>
                    <texture background="true">$INFO[Container(9504).ListItem(-1).FileNameAndPath]</texture>
                </control>
                <control type="image">
                    <width>1920</width>
                    <height>1080</height>
                    <aspectratio>keep</aspectratio>
                    <texture background="true">$INFO[Container(9504).ListItem.FileNameAndPath]</texture>
                </control>
                <control type="image">
                    <width>1920</width>
                    <height>1080</height>
                    <left>1920</left>
                    <aspectratio>keep</aspectratio>
                    <texture background="true">$INFO[Container(9504).ListItem(1).FileNameAndPath]</texture>
                </control>
            </control>
        </control>

    </controls>

</window>
