<?xml version="1.0" encoding="UTF-8" standalone="yes"?>
<addon id="repository.repoprueba" name="[COLOR limegreen][B]Repo[/B][/COLOR] Prueba LEIA" version="2.0" provider-name="gtkingbuild">
    <extension point="xbmc.addon.repository" name="[COLOR limegreen][B]Repo[/B][/COLOR] Prueba LEIA">
        <dir minversion="18.0" maxversion="18.9.0">
            <info compressed="false">https://raw.githubusercontent.com/gtkingbuild/Repo-Prueba/master/leia/zips/addons.xml</info>
            <checksum>https://raw.githubusercontent.com/gtkingbuild/Repo-Prueba/master/leia/zips/addons.xml.md5</checksum>
            <datadir zip="true">https://raw.githubusercontent.com/gtkingbuild/Repo-Prueba/master/leia/zips/repository.repoprueba</datadir>
        </dir>
        <dir minversion="18.9.0">
            <info compressed="false">https://raw.githubusercontent.com/gtkingbuild/Repo-Prueba/master/matrix/zips/addons.xml</info>
            <checksum>https://raw.githubusercontent.com/gtkingbuild/Repo-Prueba/master/matrix/zips/addons.xml.md5</checksum>
            <datadir zip="true">https://raw.githubusercontent.com/gtkingbuild/Repo-Prueba/master/matrix/zips/repository.gtkingMatrix</datadir>
        </dir>
    </extension>
    
    <extension point="xbmc.addon.metadata">
        <summary>Repo [COLOR dodgerblue]PRUEBA[/COLOR]</summary>
        <description>Repositorio de addons [COLOR dodgerblue]GTKING[/COLOR].</description>
        <disclaimer>Esta Repo recoge los addons que hay por la Red.</disclaimer>
        <platform>all</platform>
        <assets>
            <icon>icon.png</icon>
            <fanart>fanart.jpg</fanart>
        </assets>
		<source>https://github.com/gtkingbuild/Repo-GTKing/</source>
    </extension>
</addon>