<?xml version="1.0" encoding="UTF-8" standalone="yes"?>
<addon id="repository.GTKing-Phoenix-Nexus" name="[B][COLOR steelblue]Repo [COLOR azure]GTKing [COLOR gold]PHOENIX [COLOR limegreen]TEAM[/COLOR][/B]" version="20.0" provider-name="GTKing PHOENIX TEAM">
    <extension point="xbmc.addon.repository" name="[B][COLOR dodgerblue]Repo [COLOR azure]GTKing [COLOR gold]PHOENIX [COLOR limegreen]TEAM[/COLOR][/B]">
        <dir minversion="18.0" maxversion="18.9.0">
            <info compressed="false">https://raw.githubusercontent.com/gtkingbuild/Repo-GTKing/master/leia/zips/addons.xml</info>
            <checksum>https://raw.githubusercontent.com/gtkingbuild/Repo-GTKing/master/leia/zips/addons.xml.md5</checksum>
            <datadir zip="true">https://raw.githubusercontent.com/gtkingbuild/Repo-GTKing/master/leia/zips/</datadir>
        </dir>
        <dir minversion="18.9.0">
            <info compressed="false">https://raw.githubusercontent.com/gtkingbuild/Repo-GTKing/master/matrix/zips/addons.xml</info>
            <checksum>https://raw.githubusercontent.com/gtkingbuild/Repo-GTKing/master/matrix/zips/addons.xml.md5</checksum>
            <datadir zip="true">https://raw.githubusercontent.com/gtkingbuild/Repo-GTKing/master/matrix/zips/</datadir>
        </dir>
		<dir minversion="19.9.1">
            <info compressed="false">https://raw.githubusercontent.com/gtkingbuild/Repo-GTKing/master/nexus/zips/addons.xml</info>
            <checksum>https://raw.githubusercontent.com/gtkingbuild/Repo-GTKing/master/nexus/zips/addons.xml.md5</checksum>
            <datadir zip="true">https://raw.githubusercontent.com/gtkingbuild/Repo-GTKing/master/nexus/zips/</datadir>
        </dir>
    </extension>
    
    <extension point="xbmc.addon.metadata">
        <summary>[COLOR steelblue]Repo [COLOR azure]GTKing [COLOR gold]PHOENIX [COLOR limegreen]TEAM[/COLOR]</summary>
        <description>Repositorio de addons [COLOR dodgerblue]GTKING [COLOR gold]PHOENIX[/COLOR].
[COLOR gold]Developers:[/COLOR] DavidZgZ y GTKing PHOENIX TEAM</description> 		             
        <disclaimer>Este repositorio sólo recoge addons creados por terceras personas.</disclaimer>
        <platform>all</platform>
        <assets>
            <icon>icon.png</icon>
            <fanart>fanart.jpg</fanart>
        </assets>
		<source>https://grkingbuild.github.io</source>
    </extension>
</addon>
