<?xml version="1.0" encoding="UTF-8" standalone="yes"?>
<addon id="plugin.program.GTKing-Matrix" name="[COLOR azure][B]GTKing[/B][/COLOR] [COLOR lime][B]MATRIX[/B][/COLOR]" version="3.2" provider-name="GTKing PHOENIX TEAM">
	<requires>
		<import addon="xbmc.python" version="3.0.0"/>
		<import addon="script.module.requests"/>
		<import addon="script.module.six"/>
		<import addon="script.kodi.android.update" optional="true" version="1.1.7"/>
	</requires>
	
	<extension point="xbmc.python.pluginsource" debugging="true" library="default.py">
		<provides>executable</provides>
	</extension>
  
	<extension point="xbmc.service" library="startup.py" start="startup"/>
  
	<extension point="xbmc.addon.metadata">
		<summary lang="es">[COLOR azure]GTKing[/COLOR] [COLOR red]PHOENIX[/COLOR] [COLOR lime]TEAM[/COLOR] tu Wizard para [COLOR teal]KODI[/COLOR]!!</summary>
		<description>
[B]• Developer:[/B] [COLOR gold]DavidZgZ[/COLOR]
[B]• Testers:[/B]   [COLOR dodgerblue]GTKing PHOENIX TEAM[/COLOR]
		</description>
		<platform>all</platform>
		<reuselanguageinvoker>false</reuselanguageinvoker>
		<source>https://www.github.com/gtkingbuild/Repo-GTKing/plugin.program.GTKing-Matrix/</source>
		<news>
		</news>
		<assets>
			<icon>icon.png</icon>
			<fanart>fanart.jpg</fanart>
		</assets>
	</extension>
</addon>