<?xml version="1.0" encoding="UTF-8"?>
<!-- Foundation -->
<window type="dialog" id="1131">
    <defaultcontrol always="true">8000</defaultcontrol>
    <onunload condition="!String.IsEmpty(Window(Home).Property(RunWizardHub))">ActivateWindow(1131)</onunload>
    <!-- <onunload>AlarmClock(reloadskin,ReloadSkin(),00:00,silent,false)</onunload> -->
    <controls>
        <include>Global_Overlay</include>
        <control type="group">
            <include content="Dialog_Standard_Group">
                <param name="width" value="1800" />
                <param name="height" value="850" /> <!-- 726 -->
            </include>

            <control type="label">
                <description>Header Label</description>
                <label>[CAPITALIZE]INSTALAR ADDONS[/CAPITALIZE]</label>
                <include>Dialog_Standard_Header</include>
            </control>
            <!-- Image -->
            <control type="group">
                <left>20</left>
                <width>1060</width>
                <top>100</top>
                <height>725</height> <!-- 600 -->
                <control type="image">
                    <aspectratio scalediffuse="false">keep</aspectratio>
                    <texture background="true" fallback="special://skin/fanart.jpg" diffuse="diffuse/1117.png">$INFO[Window.Property(Image_Preview)]</texture>
                </control>
                <control type="image">
                    <aspectratio scalediffuse="false">center</aspectratio>
                    <visible>[Control.HasFocus(8001) + !String.Contains(Control.GetLabel(9001),*)] | [Control.HasFocus(9002) + !String.Contains(Control.GetLabel(9002),*)] | [Control.HasFocus(9003) + !String.Contains(Control.GetLabel(9003),*)] | [Control.HasFocus(9004) + !String.Contains(Control.GetLabel(9004),*)] | [Control.HasFocus(9005) + !String.Contains(Control.GetLabel(9005),*)] | [Control.HasFocus(9006) + !String.Contains(Control.GetLabel(9006),*)] | [Control.HasFocus(9007) + !String.Contains(Control.GetLabel(9007),*)] | [Control.HasFocus(9008) + !String.Contains(Control.GetLabel(9008),*)] | [Control.HasFocus(9009) + !String.Contains(Control.GetLabel(9009),*)] | [Control.HasFocus(9010) + !String.Contains(Control.GetLabel(9010),*)]| [Control.HasFocus(9011) + !String.Contains(Control.GetLabel(9011),*)]</visible>
                </control>
            </control>

            <control type="grouplist" id="8000">
                <description>Control Area</description>
                <right>20</right>
                <width>680</width>
                <top>100</top>
                <height>720</height> <!-- 600 -->
                <itemgap>10</itemgap>
                <orientation>vertical</orientation>
                <pagecontrol>60</pagecontrol>
                <usecontrolcoords>true</usecontrolcoords>
                        <control type="radiobutton" id="9003" description="Instalar PVR IPTV Simple Client">
                            <include>Dialog_Standard_ListButton</include>
							<radioposx>630</radioposx>
                            <label>PVR IPTV Simple Client (necesario)</label>
							<selected>System.HasAddon(pvr.iptvsimple)</selected>							
                            <onclick>InstallAddon(pvr.iptvsimple)</onclick>	
							<onfocus>SetProperty(Image_Preview,https://i.imgur.com/QO5MWaJ.jpg)</onfocus>
                        </control>						
						
						<control type="radiobutton" id="9004" description="Moe's TV">
                            <include>Dialog_Standard_ListButton</include>
                            <radioposx>630</radioposx>
                            <label>Moe's TV</label>
							<selected>System.HasAddon(plugin.video.moestv)</selected>							
                            <onclick>InstallAddon(plugin.video.moestv)</onclick>
							<onfocus>SetProperty(Image_Preview,https://i.imgur.com/dfPvQz2.jpg)</onfocus>
                        </control>
				
                        <control type="radiobutton" id="9005" description="Instalar Winner 2">
                            <include>Dialog_Standard_ListButton</include>
                            <radioposx>630</radioposx>
                            <label>Winner 2</label>
							<selected>System.HasAddon(plugin.video.winner)</selected>
                            <onclick>InstallAddon(plugin.video.winner)</onclick>	
							<onfocus>SetProperty(Image_Preview,https://i.imgur.com/hEAC8cq.jpg)</onfocus>
                        </control> -->
						
                       <control type="radiobutton" id="9006" description="Instalar Horus">
                            <include>Dialog_Standard_ListButton</include>
                            <radioposx>630</radioposx>
                            <label>Horus</label>
							<selected>System.HasAddon(script.module.horus)</selected>
                            <onclick>InstallAddon(script.module.horus)</onclick>	
							<onfocus>SetProperty(Image_Preview,https://i.imgur.com/zOhCSGc.png)</onfocus>
                        </control>

						<control type="radiobutton" id="9007" description="Instalar Palantir 2">
                            <include>Dialog_Standard_ListButton</include>
                            <radioposx>630</radioposx>
                            <label>[COLOR gold]Palantir 2[/COLOR]</label>
							<selected>System.HasAddon(plugin.video.palantir2)</selected>							
                            <onclick>InstallAddon(plugin.video.palantir2)</onclick>	
							<onfocus>SetProperty(Image_Preview,https://i.imgur.com/WlWLdLl.png)</onfocus>
                        </control>
						
						<control type="radiobutton" id="9008" description="Instalar Tacones">
                            <include>Dialog_Standard_ListButton</include>
                            <radioposx>630</radioposx>
                            <label>[COLOR red]Tacones[/COLOR]</label>
							<selected>System.HasAddon(plugin.video.tacones)</selected>
                            <onclick>InstallAddon(plugin.video.tacones)</onclick>	
							<onfocus>SetProperty(Image_Preview,https://i.imgur.com/aciSu1i.png)</onfocus>
                        </control>
						
						<control type="radiobutton" id="9009" description="Instalar Alfa">
                            <include>Dialog_Standard_ListButton</include>
                            <radioposx>630</radioposx>
                            <label>Alfa</label>
							<selected>System.HasAddon(plugin.video.alfa)</selected>
                            <onclick>InstallAddon(plugin.video.alfa)</onclick>	
							<onfocus>SetProperty(Image_Preview,https://i.imgur.com/Ii3dBvu.png)</onfocus>
                        </control>

						<control type="radiobutton" id="9010" description="Instalar Balandro">
                            <include>Dialog_Standard_ListButton</include>
                            <radioposx>630</radioposx>
                            <label>Balandro</label>
							<selected>System.HasAddon(plugin.video.balandro)</selected>
                            <onclick>InstallAddon(plugin.video.balandro)</onclick>	
							<onfocus>SetProperty(Image_Preview,https://i.imgur.com/dKLvZFr.png)</onfocus>
                        </control>


						<control type="radiobutton" id="9011" description="Pluto TV">
                            <include>Dialog_Standard_ListButton</include>
                            <radioposx>630</radioposx>
                            <label>Pluto TV</label>
							<selected>System.HasAddon(slyguy.pluto.tv.provider)</selected>							
                            <onclick>InstallAddon(slyguy.pluto.tv.provider)</onclick>	
							<onfocus>SetProperty(Image_Preview,https://i.imgur.com/vy04p7L.png)</onfocus>
                        </control>

						<control type="radiobutton" id="9012" description="Samsung TV+">
                            <include>Dialog_Standard_ListButton</include>
                            <radioposx>630</radioposx>
                            <label>Samsung TV+</label>
							<selected>System.HasAddon(slyguy.samsung.tv.plus)</selected>							
                            <onclick>InstallAddon(slyguy.samsung.tv.plus)</onclick>	
							<onfocus>SetProperty(Image_Preview,https://i.imgur.com/uwEvfRF.png)</onfocus>
                        </control>

						<control type="radiobutton" id="9013" description="Red Bull TV">
                            <include>Dialog_Standard_ListButton</include>
                            <radioposx>630</radioposx>
                            <label>Red Bull TV</label>
							<selected>System.HasAddon(plugin.video.redbull.tv)</selected>							
                            <onclick>InstallAddon(plugin.video.redbull.tv)</onclick>	
							<onfocus>SetProperty(Image_Preview,https://i.imgur.com/i1rxlN4.png)</onfocus>
                        </control>
						
						<control type="radiobutton" id="9014" description="Instalar Apex Sports">
                            <include>Dialog_Standard_ListButton</include>
                            <radioposx>630</radioposx>
                            <label>Apex Sports</label>
							<selected>System.HasAddon(plugin.video.apex_sports)</selected>
                            <onclick>InstallAddon(plugin.video.apex_sports)</onclick>	
							<onfocus>SetProperty(Image_Preview,https://i.imgur.com/p7hOgnd.png)</onfocus>
                        </control>
						
						<control type="radiobutton" id="9015" description="Instalar Sport HD">
                            <include>Dialog_Standard_ListButton</include>
                            <radioposx>630</radioposx>
                            <label>Sport HD</label>
							<selected>System.HasAddon(plugin.video.sporthdme)</selected>
                            <onclick>InstallAddon(plugin.video.sporthdme)</onclick>	
							<onfocus>SetProperty(Image_Preview,https://i.imgur.com/0TjmyAX.png)</onfocus>
                        </control>
						

                       <control type="radiobutton" id="9001" description="Continuar">
                            <include>Dialog_Standard_ListButton</include>
                            <label>Continuar</label>
                            <onclick condition="String.IsEmpty(Window(Home).Property(RunWizard))">ReloadSkin()</onclick>
                            <onclick condition="!String.IsEmpty(Window(Home).Property(RunWizard))">Close</onclick>
                            <onclick condition="!String.IsEmpty(Window(Home).Property(RunWizard))">ReplaceWindow(1120)</onclick>
							<onfocus>SetProperty(Image_Preview,special://skin/extras/backgrounds/firstrun.jpg)</onfocus>
                        </control>
                        <control type="button" id="9002" description="Finalizar">
                            <include>Dialog_Standard_ListButton</include>
                            <label>Finalizar</label>
                            <onfocus>SetProperty(Image_Preview,special://skin/extras/backgrounds/viewmodes/persmen.jpg)</onfocus>
                            <onclick condition="String.IsEmpty(Window(Home).Property(RunWizard))">ReloadSkin()</onclick>
                            <onclick condition="!String.IsEmpty(Window(Home).Property(RunWizard))">ReloadSkin()</onclick>
                            <onclick condition="!String.IsEmpty(Window(Home).Property(RunWizard))">Close</onclick>
                       </control>						
           </control>
        </control>
    </controls>
</window>
