<?xml version='1.0' encoding='UTF-8'?>
<addon id="skin.auramod.GTKing-Matrix" version="1.1.8" name="AuraMod [COLOR FF1e90ff]GTKING[/COLOR]" provider-name="Auramod,[COLOR FF1e90ff]GTKING[/COLOR]">
    <requires>
        <import addon="xbmc.gui" version="5.15.0"/>
        <import addon="script.skin.helper.service" version="1.1.24"/>
        <import addon="script.skin.helper.widgets" version="1.0.0"/>
        <import addon="script.skinshortcuts" version="1.0.20"/>
        <import addon="script.image.resource.select" version="0.0.5"/>
        <import addon="plugin.program.autocompletion" version="1.0.1"/>
        <import addon="resource.images.studios.white" version="0.0.10"/>
        <import addon="resource.images.studios.coloured" version="0.0.18"/>
        <import addon="resource.images.moviegenreicons.transparent" version="0.0.6"/>
    </requires>
    <extension point="xbmc.gui.skin" defaultthemename="Textures.xbt" debugging="false" effectslowdown="1">
        <res width="1920" height="1080" aspect="16:9" default="true" folder="1080i"/>
    </extension>
    <extension point="xbmc.addon.metadata">
        <summary lang="es">Mod [COLOR FF1e90ff]GTKING[/COLOR] de Auramod para Kodi 19 / Matrix, Minimalista, Personalizable, Multiple Widgets. </summary>
        <description lang="es">Mod [COLOR FF1e90ff]GTKING[/COLOR] de AuraMod. Esta versión de Aura está basada para todos los usuarios. Gracias al grupo de [COLOR green]BEELINK/GT-KING / GTKING PRO/GT1[/COLOR]</description>
		<news>Nuevos cambios:
		- Skin modificada para Kodi 19 / Matrix y [COLOR FF1e90ff]GTKING[/COLOR]
		</news> 
        <platform>all</platform>
        <license>Creative Commons Attribution Non-Commercial Share-Alike 4.0</license>
        <forum/>
        <source/>
        <assets>
            <icon>icon.png</icon>
            <fanart>fanart.jpg</fanart>
            <screenshot>resources/screenshot-01.jpg</screenshot>
            <screenshot>resources/screenshot-02.jpg</screenshot>
            <screenshot>resources/screenshot-03.jpg</screenshot>
            <screenshot>resources/screenshot-04.jpg</screenshot>
            <screenshot>resources/screenshot-05.jpg</screenshot>
        </assets>
    </extension>
</addon>
