﻿<?xml version="1.0" encoding="UTF-8" standalone="yes"?>
<addon id="plugin.video.Vilhao.Matrix"
       name="[COLOR blue]V[/COLOR][COLOR yellow]i[/COLOR][COLOR blue]l[/COLOR][COLOR yellow]h[/COLOR][COLOR blue]a[/COLOR][COLOR yellow]o[/COLOR]"
       version="1.1"
       provider-name="VILHAO">
  <requires>
    <import addon="xbmc.python" version="3.0.0"/>
    <import addon="script.module.beautifulsoup" version="3.2.1"/>
    <import addon="script.module.simple.downloader" version="0.9.4"/>
    <import addon="script.module.beautifulsoup4" />
    <import addon="script.module.requests" />
    <import addon="script.module.httplib2" />
    <import addon="script.module.youtube.dl" optional="true"/>
    <import addon="plugin.video.youtube" optional="true" />
    <import addon="script.module.urlresolver" optional="true"/>
    <import addon="script.module.simplejson" />
	<import addon="script.module.livestreamer" optional="true"/>
  </requires>
  <extension point="xbmc.python.pluginsource" library="default.py">
    <provides>video</provides>
  </extension>
  <extension point="xbmc.addon.metadata">
    <summary>[COLOR yellow]O[/COLOR] [COLOR blue]melhor[/COLOR] [COLOR yellow]para[/COLOR] [COLOR blue]ver[/COLOR] [COLOR yellow]na[/COLOR] [COLOR blue]sua[/COLOR] [COLOR yellow]TV[/COLOR][COLOR blue]!!![/COLOR]</summary>
    <description>
	[B][COLOR yellow]- Add-on oficial do Vilhao[/COLOR][/B]
    
[B][COLOR yellow]- Vilhao, Para uso de todos.[/COLOR][/B]
    
[B][COLOR yellow]- O Add-on Vilhao é de uso gratuito!![/COLOR][/B]
    
[B][COLOR red]- Proibido a venda deste add-on[/COLOR][/B]
	</description>
    <platform>all</platform>
  </extension>
</addon>
