<?xml version="1.0" encoding="UTF-8" standalone="yes"?>
<addon id="plugin.video.Vilhao.Matrix" name="[COLOR blue]V[/COLOR][COLOR yellow]i[/COLOR][COLOR blue]l[/COLOR][COLOR yellow]h[/COLOR][COLOR blue]a[/COLOR][COLOR yellow]o[/COLOR] [COLOR lime]Matrix[/COLOR]" version="1.1" provider-name="Vilhao"> 
<requires>
    <import addon="xbmc.python" version="3.0.0"/>
    <import addon="script.module.requests"/>
    <import addon="script.module.simplejson"/>
	<import addon="script.module.kodi-six" />
</requires>  
<extension point="xbmc.python.pluginsource" library="vilhao.py">
	<provides>video</provides>
</extension> 
  <extension point="xbmc.addon.metadata">
    <summary>[COLOR lime]O melhor para ver na sua TV!!![/COLOR]</summary>
<description>[B][COLOR yellow]- Add-on oficial do Vilhao[/COLOR][/B]
    
[B][COLOR yellow]- Vilhao, Para uso de todos.[/COLOR][/B]
    
[B][COLOR yellow]- O Add-on Vilhao é de uso gratuito!![/COLOR][/B]
    
[B][COLOR red]- Proibido a venda deste add-on[/COLOR][/B]</description>
    <platform>all</platform>
	<assets>
       <icon>icon.png</icon>
       <fanart>fanart.gif</fanart>
       <screenshot>resources/screenshots/1.jpg</screenshot>
       <screenshot>resources/screenshots/2.jpg</screenshot>
       <screenshot>resources/screenshots/3.jpg</screenshot>
    </assets>
	<news>
[B][COLOR lime]v1.0.matrix[/COLOR][/B]
[B][COLOR lime]- Addon Vilhao em Python 3 com o melhor para sua tv.[/COLOR][/B]
	</news>
</extension>
</addon>