{
    "addon_version": "4.0.13",
    "files": {
        "channels": [
            "amateurtv",
            "animeonline",
            "cam4",
            "cine24h",
            "cinecalidadla",
            "cinecalidadlol",
            "cineplay",
            "cuevana2",
            "cuevana3in",
            "cuevana3pro",
            "cuevana3re",
            "cumlouder",
            "dontorrents",
            "doramasflixsone",
            "doramasqueenin",
            "elitetorrent",
            "elitetorrentnz",
            "ennovelaspl",
            "ennovelastv",
            "entrepeliculasyseries",
            "estrenosdoramases",
            "eztv",
            "flixcorn",
            "frozenlayer",
            "gnula24",
            "gnula24h",
            "hdfullse",
            "henaojaran",
            "hentaijl",
            "hentaila",
            "hentaisd",
            "kiriasian",
            "mega1link",
            "mejortorrentapp",
            "monoschinos",
            "netnovelas",
            "pandamovies",
            "pandrama",
            "papayaseries",
            "pelis28re",
            "pelisgratishd",
            "pelisplayhd",
            "pelisplushdlat",
            "pelisplushdnz",
            "pgratishd",
            "playdede",
            "playdo",
            "pornburst",
            "pornhub",
            "ppeliculas",
            "rarbg",
            "repelisre",
            "series24",
            "serieskao",
            "serieslan",
            "seriesmetron",
            "serviporno",
            "sololatino",
            "star",
            "t1337x",
            "tgx",
            "tlnovelas",
            "torrentgalaxy",
            "tryboobs",
            "tubehentai",
            "uphd",
            "vivud",
            "watchpornfree",
            "xmfy",
            "xvideos",
            "xxxdan",
            "yespornplease",
            "yts",
            "ytsmx",
            "ytstv",
            "zbporn",
            "zmovs"
        ],
        "core": [
            "httptools",
            "proxytools",
            "requeststools",
            "servertools"
        ],
        "modules": [
            "actions",
            "domains",
            "generos",
            "helper",
            "proxysearch",
            "submnuctext",
            "submnuteam",
            "tester"
        ],
        "platformcode": [
            "platformtools"
        ],
        "resources": [
            "settings"
        ],
        "root dir": [
            "dominios",
            "version"
        ],
        "servers": [
            "clicknupload",
            "doodstream",
            "gofile",
            "megaup",
            "mixdrop",
            "various",
            "vimeo",
            "zures"
        ]
    },
    "fix_version": 6,
    "hash": "4290b3d8c90f61ed6c3a5617c1158166"
}