<?xml version='1.0' encoding='UTF-8'?>
<addon id="skin.auramod.GTKing-Phoenix" version="21.1" name="[COLOR lime]Aura[COLOR gold]Mod [B][COLOR azure]GTKING [COLOR yellow]P[COLOR gold]H[COLOR goldenrod]O[COLOR orange]E[COLOR darkorange]N[COLOR red]I[COLOR orangered]X[/COLOR][/B]" provider-name="Auramod, [COLOR gold]GTKing PHOENIX[/COLOR]">
    <requires>
        <import addon="xbmc.gui" version="5.17.0"/>
        <import addon="script.skin.helper.service" version="1.1.24"/>
        <import addon="script.skin.helper.widgets" version="1.0.0"/>
        <import addon="script.skinshortcuts" version="1.0.20"/>
        <import addon="script.image.resource.select" version="0.0.5"/>
        <import addon="plugin.program.autocompletion" version="1.0.1"/>
        <import addon="resource.images.studios.white" version="0.0.10"/>
        <import addon="resource.images.studios.coloured" version="0.0.18"/>
        <import addon="resource.images.moviegenreicons.transparent" version="0.0.6"/>
    </requires>
    <extension point="xbmc.gui.skin" defaultthemename="Textures.xbt" debugging="false" effectslowdown="1">
        <res width="1920" height="1080" aspect="16:9" default="true" folder="1080i"/>
    </extension>
    <extension point="xbmc.addon.metadata">
        <summary lang="es">Mod [COLOR dodgerblue]GTKING[/COLOR] de Auramod para Kodi, Minimalista, Personalizable, Multiple Widgets. </summary>
        <description lang="es">Mod [COLOR dodgerblue]GTKING[/COLOR] de AuraMod. Esta versión de Aura está creada para todos los usuarios. Gracias al grupo de [COLOR green]GTKing PHOENIX TEAM[/COLOR]</description>
		<news>Nuevos cambios:
		- Skin modificada para Kodi [COLOR azure]GTKING [COLOR gold]PHOENIX [COLOR lime]TEAM[/COLOR]
		</news> 
        <platform>all</platform>
        <license>Creative Commons Attribution Non-Commercial Share-Alike 4.0</license>
        <forum/>
        <source/>
        <assets>
            <icon>icon.png</icon>
            <fanart>fanart.jpg</fanart>
            <screenshot>resources/screenshot-01.jpg</screenshot>
            <screenshot>resources/screenshot-02.jpg</screenshot>
            <screenshot>resources/screenshot-03.jpg</screenshot>
            <screenshot>resources/screenshot-04.jpg</screenshot>
            <screenshot>resources/screenshot-05.jpg</screenshot>
        </assets>
    </extension>
</addon>
