{
  "id": "cinecalidadlol",
  "name": "CineCalidadLol",
  "thumbnail": "cinecalidadlol.jpg",

  "active": true,

  "searchable": true,
  "search_types": ["all", "movie", "tvshow"],

  "categories": ["movie", "tvshow", "torrent"],
  "language": ["cast", "lat", "vose"],

  "clusters": ["notice", "current", "torrents", "rankings", "years", "kids", "docs", "vos", "anime", "4k"],

  "notes": "Canal con enlaces Streaming y Torrent. Acceso por separado Castellano y Latino. Películas por géneros y año. Series por Géneros. Puede requerir el uso de proxies en función del país/operadora desde el que se accede."
}
