{
  "id": "mejortorrentapp",
  "name": "MejorTorrentApp",
  "thumbnail": "mejortorrentapp.jpg",

  "active": true,

  "searchable": true,
  "search_types": ["all", "movie", "tvshow"],

  "categories": ["movie", "tvshow", "torrent"],
  "language": ["cast"],

  "clusters": ["current", "torrents", "news", "lasts", "rankings", "qualityes", "years", "lasts", "kids", "docs", "4k"],

  "notes": "Canal con enlaces Torrent exclusivamente. Películas y Series, por géneros, calidad y año. También documentales. Puede requerir el uso de proxies en función del país/operadora desde el que se accede."
}