{
  "id": "ppeliculas",
  "name": "Ppeliculas",
  "thumbnail": "ppeliculas.png",

  "active": false,

  "searchable": true,
  "search_types": ["all", "movie", "tvshow"],

  "categories": ["movie", "tvshow"],
  "language": ["cast", "lat", "vose"],

  "clusters": ["notice", "problematic", "news", "rankings", "lasts", "kids", "docs", "vos"],

  "notes": "Web ANULADA. Películas y Series por géneros. Puede requerir el uso de proxies en función del país/operadora desde el que se accede."
}
