<?xml version="1.0" encoding="UTF-8"?>
<overrides>

    <!-- Widgets -->
    <widget label="8">Weather</widget>
    <widget label="5">Settings</widget>
    
    <widgetPlaylists>True</widgetPlaylists>

    <thumbnailBrowseDefault>special://skin/extras/icons/</thumbnailBrowseDefault>

    <!-- Browse for Backgrounds -->
    <backgroundBrowse>True</backgroundBrowse>
    <background label="::PLAYLIST::">playlistBackground</background>
    <widgetRename>True</widgetRename>

    <!-- Warning to Remove Settings -->
    <warn heading="31176" message="31177">ActivateWindow(Settings)</warn>

    <!-- For Power Menu -->
    <groupoverride group="powermenu" condition="Window.IsActive(DialogButtonMenu.xml)">Close</groupoverride>
    <!-- For Custom Hub -->
    <groupoverride group="x1101" condition="Window.IsActive(Custom_Menu_Movie1.xml)">Close</groupoverride>
    <groupoverride group="x1102" condition="Window.IsActive(Custom_Menu_Movie2.xml)">Close</groupoverride>
    <groupoverride group="x1103" condition="Window.IsActive(Custom_Menu_TV1.xml)">Close</groupoverride>
    <groupoverride group="x1104" condition="Window.IsActive(Custom_Menu_TV2.xml)">Close</groupoverride>
    <groupoverride group="x1105" condition="Window.IsActive(Custom_Menu_Generic1.xml)">Close</groupoverride>
    <groupoverride group="x1106" condition="Window.IsActive(Custom_Menu_Generic2.xml)">Close</groupoverride>
    <groupoverride group="x1107" condition="Window.IsActive(Custom_Menu_Generic3.xml)">Close</groupoverride>

    <!-- Icon Overrides -->
    <icon labelID="tvhub">special://skin/extras/icons/tv.png</icon>
    <icon labelID="moviehub">special://skin/extras/icons/film.png</icon>
    <icon labelID="livetv">special://skin/extras/icons/livetv.png</icon>
    <icon labelID="radio">special://skin/extras/icons/radio.png</icon>
    <icon labelID="weather">special://skin/extras/icons/sun.png</icon>
    <icon labelID="submenu">special://skin/extras/icons/playlist.png</icon>
    <icon labelID="settings">special://skin/extras/icons/settings.png</icon>
    <icon labelID="13200">special://skin/extras/icons/actor.png</icon>
    <icon labelID="10007">special://skin/extras/icons/sysinfo.png</icon>
    <icon labelID="1036">special://skin/extras/icons/favourites.png</icon>
    <icon labelID="626">special://skin/extras/icons/recentlyadded.png</icon>
    <icon labelID="10504">special://skin/extras/icons/top100.png</icon>
    <icon labelID="10505">special://skin/extras/icons/top100.png</icon>
    <icon labelID="480">special://skin/extras/icons/eye.png</icon>
    <icon labelID="3">special://skin/extras/icons/film.png</icon>
    <icon labelID="19020">special://skin/extras/icons/livetv.png</icon>
    <icon labelID="2">special://skin/extras/icons/songs.png</icon>
    <icon labelID="1">special://skin/extras/icons/pictures.png</icon>
    <icon labelID="10511">special://skin/extras/icons/sysinfo.png</icon>
    <icon labelID="systeminfo">special://skin/extras/icons/sysinfo.png</icon>
    <icon labelID="8">special://skin/extras/icons/sun.png</icon>
    <icon labelID="31163">special://skin/extras/icons/playlist.png</icon>
    <icon labelID="24001">special://skin/extras/icons/addons.png</icon>
    <icon labelID="14036">special://skin/extras/icons/network.png</icon>
    <icon labelID="13000">special://skin/extras/icons/configure.png</icon>
    <icon labelID="20077">special://skin/extras/icons/year.png</icon>
    <icon labelID="13013">special://skin/extras/icons/power.png</icon>
    <icon labelID="13005">special://skin/extras/icons/power.png</icon>
    <icon labelID="13016">special://skin/extras/icons/power.png</icon>
    <icon labelID="13009">special://skin/extras/icons/power.png</icon>
    <icon labelID="13010">special://skin/extras/icons/power.png</icon>
    <icon labelID="13011">special://skin/extras/icons/power.png</icon>
    <icon labelID="20126">special://skin/extras/icons/power.png</icon>
    <icon labelID="360">special://skin/extras/icons/eye.png</icon>
    <icon labelID="13014">special://skin/extras/icons/sort-up.png</icon>
    <icon labelID="20045">special://skin/extras/icons/artist.png</icon>
    <icon labelID="600">special://skin/extras/icons/cd.png</icon>
    <icon labelID="32046">special://skin/extras/icons/update.png</icon>
    <icon labelID="32047">special://skin/extras/icons/update.png</icon>
    <icon labelID="32055">special://skin/extras/icons/wand.png</icon>
    <icon labelID="32056">special://skin/extras/icons/wand.png</icon>
    <icon image="DefaultShortcut.png">special://skin/extras/icons/addtile.png</icon>
    <icon image="DefaultVideo.png">special://skin/extras/icons/video.png</icon>
    <icon image="DefaultMovies.png">special://skin/extras/icons/film.png</icon>
    <icon image="DefaultTVShows.png">special://skin/extras/icons/tv.png</icon>
    <icon image="DefaultAudio.png">special://skin/extras/icons/songs.png</icon>
    <icon image="DefaultMusicAlbums.png">special://skin/extras/icons/songs.png</icon>
    <icon image="DefaultMusicVideos.png">special://skin/extras/icons/musicvideo.png</icon>
    <icon image="DefaultPicture.png">special://skin/extras/icons/pictures.png</icon>
    <icon image="DefaultProgram.png">special://skin/extras/icons/addons.png</icon>
    <icon image="DefaultDVDFull.png">special://skin/extras/icons/cd.png</icon>
    <icon image="DefaultFolder.png">special://skin/extras/icons/folder.png</icon>
    <icon image="UnknownUser.png">special://skin/extras/icons/actor.png</icon>
    <icon image="DefaultVideoPlaylists.png">special://skin/extras/icons/playlist.png</icon>
    <icon image="DefaultMusicPlaylists.png">special://skin/extras/icons/playlist.png</icon>
    <icon image="DefaultRecentlyAddedMovies.png">special://skin/extras/icons/recentlyadded.png</icon>
    <icon image="DefaultActor.png">special://skin/extras/icons/artist.png</icon>
    <icon image="DefaultCountry.png">special://skin/extras/icons/world.png</icon>
    <icon image="DefaultDirector.png">special://skin/extras/icons/director.png</icon>
    <icon image="DefaultGenre.png">special://skin/extras/icons/genre.png</icon>
    <icon image="DefaultMusicGenre.png">special://skin/extras/icons/audiogenre.png</icon>
    <icon image="DefaultSets.png">special://skin/extras/icons/sets.png</icon>
    <icon image="DefaultStudios.png">special://skin/extras/icons/director.png</icon>
    <icon image="DefaultTags.png">special://skin/extras/icons/tags.png</icon>
    <icon image="DefaultMovieTitle.png">special://skin/extras/icons/film.png</icon>
    <icon image="DefaultTVShowTitle.png">special://skin/extras/icons/tv.png</icon>
    <icon image="DefaultMusicVideoTitle.png">special://skin/extras/icons/musicvideo.png</icon>
    <icon image="DefaultYear.png">special://skin/extras/icons/year.png</icon>
    <icon image="DefaultRecentlyAddedEpisodes.png">special://skin/extras/icons/recentlyadded.png</icon>
    <icon image="DefaultRecentlyAddedMusicVideos.png">special://skin/extras/icons/recentlyadded.png</icon>
    <icon image="DefaultInProgressShows.png">special://skin/extras/icons/recentlyadded.png</icon>
    <icon image="DefaultMusicArtists.png">special://skin/extras/icons/artist.png</icon>
    <icon image="DefaultMusicGenres.png">special://skin/extras/icons/audiogenre.png</icon>
    <icon image="DefaultMusicSongs.png">special://skin/extras/icons/song.png</icon>
    <icon image="DefaultMusicYears.png">special://skin/extras/icons/years.png</icon>
    <icon image="DefaultMusicTop100.png">special://skin/extras/icons/top100.png</icon>
    <icon image="DefaultMusicRecentlyAdded.png">special://skin/extras/icons/recentlyadded.png</icon>
    <icon image="DefaultMusicRecentlyPlayed.png">special://skin/extras/icons/recent.png</icon>
    <icon image="DefaultAddonVideo.png">special://skin/extras/icons/video-addons.png</icon>
    <icon image="DefaultAddonMusic.png">special://skin/extras/icons/songs.png</icon>
    <icon image="DefaultAddonProgram.png">special://skin/extras/icons/addons.png</icon>

    <!-- Thumbs -->
    <thumbnail label="3dtv.png">special://skin/extras/icons/3dtv.png</thumbnail>
    <thumbnail label="actor.png">special://skin/extras/icons/actor.png</thumbnail>
    <thumbnail label="addons.png">special://skin/extras/icons/addons.png</thumbnail>
    <thumbnail label="antenna.png">special://skin/extras/icons/antenna.png</thumbnail>
    <thumbnail label="arcade.png">special://skin/extras/icons/arcade.png</thumbnail>
    <thumbnail label="artist.png">special://skin/extras/icons/artist.png</thumbnail>
    <thumbnail label="audiogenre.png">special://skin/extras/icons/audiogenre.png</thumbnail>
    <thumbnail label="battery.png">special://skin/extras/icons/battery.png</thumbnail>
    <thumbnail label="brightness.png">special://skin/extras/icons/brightness.png</thumbnail>
    <thumbnail label="compass.png">special://skin/extras/icons/compass.png</thumbnail>
    <thumbnail label="configure.png">special://skin/extras/icons/configure.png</thumbnail>
    <thumbnail label="contrast.png">special://skin/extras/icons/contrast.png</thumbnail>
    <thumbnail label="crosshair.png">special://skin/extras/icons/crosshair.png</thumbnail>
    <thumbnail label="database.png">special://skin/extras/icons/database.png</thumbnail>
    <thumbnail label="director.png">special://skin/extras/icons/director.png</thumbnail>
    <thumbnail label="download.png">special://skin/extras/icons/download.png</thumbnail>
    <thumbnail label="equalizer.png">special://skin/extras/icons/equalizer.png</thumbnail>
    <thumbnail label="error.png">special://skin/extras/icons/error.png</thumbnail>
    <thumbnail label="eye.png">special://skin/extras/icons/eye.png</thumbnail>
    <thumbnail label="favourites.png">special://skin/extras/icons/favourites.png</thumbnail>
    <thumbnail label="files.png">special://skin/extras/icons/files.png</thumbnail>
    <thumbnail label="film.png">special://skin/extras/icons/film.png</thumbnail>
    <thumbnail label="flask2.png">special://skin/extras/icons/flask2.png</thumbnail>
    <thumbnail label="flask.png">special://skin/extras/icons/flask.png</thumbnail>
    <thumbnail label="forbidden.png">special://skin/extras/icons/forbidden.png</thumbnail>
    <thumbnail label="fullscreen.png">special://skin/extras/icons/fullscreen.png</thumbnail>
    <thumbnail label="games.png">special://skin/extras/icons/games.png</thumbnail>
    <thumbnail label="genre.png">special://skin/extras/icons/genre.png</thumbnail>
    <thumbnail label="hd.png">special://skin/extras/icons/hd.png</thumbnail>
    <thumbnail label="home.png">special://skin/extras/icons/home.png</thumbnail>
    <thumbnail label="info.png">special://skin/extras/icons/info.png</thumbnail>
    <thumbnail label="keyboard.png">special://skin/extras/icons/keyboard.png</thumbnail>
    <thumbnail label="keys.png">special://skin/extras/icons/keys.png</thumbnail>
    <thumbnail label="lightbulb2.png">special://skin/extras/icons/lightbulb2.png</thumbnail>
    <thumbnail label="lightbulb.png">special://skin/extras/icons/lightbulb.png</thumbnail>
    <thumbnail label="livetv.png">special://skin/extras/icons/livetv.png</thumbnail>
    <thumbnail label="location-star.png">special://skin/extras/icons/location-star.png</thumbnail>
    <thumbnail label="logout.png">special://skin/extras/icons/logout.png</thumbnail>
    <thumbnail label="map.png">special://skin/extras/icons/map.png</thumbnail>
    <thumbnail label="musicvideo.png">special://skin/extras/icons/musicvideo.png</thumbnail>
    <thumbnail label="mute.png">special://skin/extras/icons/mute.png</thumbnail>
    <thumbnail label="network.png">special://skin/extras/icons/network.png</thumbnail>
    <thumbnail label="octo.png">special://skin/extras/icons/octo.png</thumbnail>
    <thumbnail label="pictures.png">special://skin/extras/icons/pictures.png</thumbnail>
    <thumbnail label="play2.png">special://skin/extras/icons/play2.png</thumbnail>
    <thumbnail label="playlist.png">special://skin/extras/icons/playlist.png</thumbnail>
    <thumbnail label="play.png">special://skin/extras/icons/play.png</thumbnail>
    <thumbnail label="power.png">special://skin/extras/icons/power.png</thumbnail>
    <thumbnail label="quote.png">special://skin/extras/icons/quote.png</thumbnail>
    <thumbnail label="radio.png">special://skin/extras/icons/radio.png</thumbnail>
    <thumbnail label="recentlyadded.png">special://skin/extras/icons/recentlyadded.png</thumbnail>
    <thumbnail label="recent.png">special://skin/extras/icons/recent.png</thumbnail>
    <thumbnail label="rocket2.png">special://skin/extras/icons/rocket2.png</thumbnail>
    <thumbnail label="rocket.png">special://skin/extras/icons/rocket.png</thumbnail>
    <thumbnail label="search.png">special://skin/extras/icons/search.png</thumbnail>
    <thumbnail label="settings.png">special://skin/extras/icons/settings.png</thumbnail>
    <thumbnail label="signpost.png">special://skin/extras/icons/signpost.png</thumbnail>
    <thumbnail label="song.png">special://skin/extras/icons/song.png</thumbnail>
    <thumbnail label="songs.png">special://skin/extras/icons/songs.png</thumbnail>
    <thumbnail label="sort-up.png">special://skin/extras/icons/sort-up.png</thumbnail>
    <thumbnail label="soundwave.png">special://skin/extras/icons/soundwave.png</thumbnail>
    <thumbnail label="sun.png">special://skin/extras/icons/sun.png</thumbnail>
    <thumbnail label="swissarmy.png">special://skin/extras/icons/swissarmy.png</thumbnail>
    <thumbnail label="sysinfo.png">special://skin/extras/icons/sysinfo.png</thumbnail>
    <thumbnail label="timer.png">special://skin/extras/icons/timer.png</thumbnail>
    <thumbnail label="title.png">special://skin/extras/icons/title.png</thumbnail>
    <thumbnail label="top100.png">special://skin/extras/icons/top100.png</thumbnail>
    <thumbnail label="tvguide.png">special://skin/extras/icons/tvguide.png</thumbnail>
    <thumbnail label="tv.png">special://skin/extras/icons/tv.png</thumbnail>
    <thumbnail label="update.png">special://skin/extras/icons/update.png</thumbnail>
    <thumbnail label="video-addons.png">special://skin/extras/icons/video-addons.png</thumbnail>
    <thumbnail label="volume.png">special://skin/extras/icons/volume.png</thumbnail>
    <thumbnail label="wand.png">special://skin/extras/icons/wand.png</thumbnail>
    <thumbnail label="warning.png">special://skin/extras/icons/warning.png</thumbnail>
    <thumbnail label="wifi.png">special://skin/extras/icons/wifi.png</thumbnail>
    <thumbnail label="wizard.png">special://skin/extras/icons/wizard.png</thumbnail>
    <thumbnail label="world.png">special://skin/extras/icons/world.png</thumbnail>
    <thumbnail label="year.png">special://skin/extras/icons/year.png</thumbnail>
    <thumbnail label="years.png">special://skin/extras/icons/years.png</thumbnail>
    <thumbnail label="youtube.png">special://skin/extras/icons/youtube.png</thumbnail>
    <thumbnail label="3dtv.png">special://skin/extras/icons/3dtv.png</thumbnail>
    <thumbnail label="3.png">special://skin/extras/icons/3.png</thumbnail>
    <thumbnail label="actor.png">special://skin/extras/icons/actor.png</thumbnail>
    <thumbnail label="addons.png">special://skin/extras/icons/addons.png</thumbnail>
    <thumbnail label="addtile.png">special://skin/extras/icons/addtile.png</thumbnail>
    <thumbnail label="android.png">special://skin/extras/icons/android.png</thumbnail>
    <thumbnail label="antenna.png">special://skin/extras/icons/antenna.png</thumbnail>
    <thumbnail label="apple.png">special://skin/extras/icons/apple.png</thumbnail>
    <thumbnail label="arcade.png">special://skin/extras/icons/arcade.png</thumbnail>
    <thumbnail label="artist.png">special://skin/extras/icons/artist.png</thumbnail>
    <thumbnail label="audiogenre.png">special://skin/extras/icons/audiogenre.png</thumbnail>
    <thumbnail label="battery.png">special://skin/extras/icons/battery.png</thumbnail>
    <thumbnail label="bbc.png">special://skin/extras/icons/bbc.png</thumbnail>
    <thumbnail label="beer.png">special://skin/extras/icons/beer.png</thumbnail>
    <thumbnail label="bookmark.png">special://skin/extras/icons/bookmark.png</thumbnail>
    <thumbnail label="bookmarks.png">special://skin/extras/icons/bookmarks.png</thumbnail>
    <thumbnail label="bookmark-star.png">special://skin/extras/icons/bookmark-star.png</thumbnail>
    <thumbnail label="brightness.png">special://skin/extras/icons/brightness.png</thumbnail>
    <thumbnail label="cloudmusic.png">special://skin/extras/icons/cloudmusic.png</thumbnail>
    <thumbnail label="cloud.png">special://skin/extras/icons/cloud.png</thumbnail>
    <thumbnail label="coins.png">special://skin/extras/icons/coins.png</thumbnail>
    <thumbnail label="compass.png">special://skin/extras/icons/compass.png</thumbnail>
    <thumbnail label="configure.png">special://skin/extras/icons/configure.png</thumbnail>
    <thumbnail label="contrast.png">special://skin/extras/icons/contrast.png</thumbnail>
    <thumbnail label="creditcard.png">special://skin/extras/icons/creditcard.png</thumbnail>
    <thumbnail label="crosshair.png">special://skin/extras/icons/crosshair.png</thumbnail>
    <thumbnail label="dailymotion.png">special://skin/extras/icons/dailymotion.png</thumbnail>
    <thumbnail label="database.png">special://skin/extras/icons/database.png</thumbnail>
    <thumbnail label="director.png">special://skin/extras/icons/director.png</thumbnail>
    <thumbnail label="download.png">special://skin/extras/icons/download.png</thumbnail>
    <thumbnail label="equalizer.png">special://skin/extras/icons/equalizer.png</thumbnail>
    <thumbnail label="error.png">special://skin/extras/icons/error.png</thumbnail>
    <thumbnail label="espn.png">special://skin/extras/icons/espn.png</thumbnail>
    <thumbnail label="eye.png">special://skin/extras/icons/eye.png</thumbnail>
    <thumbnail label="facebook.png">special://skin/extras/icons/facebook.png</thumbnail>
    <thumbnail label="favourites.png">special://skin/extras/icons/favourites.png</thumbnail>
    <thumbnail label="files.png">special://skin/extras/icons/files.png</thumbnail>
    <thumbnail label="film.png">special://skin/extras/icons/film.png</thumbnail>
    <thumbnail label="flask2.png">special://skin/extras/icons/flask2.png</thumbnail>
    <thumbnail label="flask.png">special://skin/extras/icons/flask.png</thumbnail>
    <thumbnail label="forbidden.png">special://skin/extras/icons/forbidden.png</thumbnail>
    <thumbnail label="fullscreen.png">special://skin/extras/icons/fullscreen.png</thumbnail>
    <thumbnail label="games.png">special://skin/extras/icons/games.png</thumbnail>
    <thumbnail label="genre.png">special://skin/extras/icons/genre.png</thumbnail>
    <thumbnail label="grooveshark.png">special://skin/extras/icons/grooveshark.png</thumbnail>
    <thumbnail label="hd.png">special://skin/extras/icons/hd.png</thumbnail>
    <thumbnail label="home.png">special://skin/extras/icons/home.png</thumbnail>
    <thumbnail label="hulu.png">special://skin/extras/icons/hulu.png</thumbnail>
    <thumbnail label="icefilms.png">special://skin/extras/icons/icefilms.png</thumbnail>
    <thumbnail label="infinity.png">special://skin/extras/icons/infinity.png</thumbnail>
    <thumbnail label="info.png">special://skin/extras/icons/info.png</thumbnail>
    <thumbnail label="instagram.png">special://skin/extras/icons/instagram.png</thumbnail>
    <thumbnail label="iview.png">special://skin/extras/icons/iview.png</thumbnail>
    <thumbnail label="keyboard.png">special://skin/extras/icons/keyboard.png</thumbnail>
    <thumbnail label="keys.png">special://skin/extras/icons/keys.png</thumbnail>
    <thumbnail label="lastfm.png">special://skin/extras/icons/lastfm.png</thumbnail>
    <thumbnail label="lazytv.png">special://skin/extras/icons/lazytv.png</thumbnail>
    <thumbnail label="lazytv-words.png">special://skin/extras/icons/lazytv-words.png</thumbnail>
    <thumbnail label="lightbulb2.png">special://skin/extras/icons/lightbulb2.png</thumbnail>
    <thumbnail label="lightbulb.png">special://skin/extras/icons/lightbulb.png</thumbnail>
    <thumbnail label="livetv.png">special://skin/extras/icons/livetv.png</thumbnail>
    <thumbnail label="location-star.png">special://skin/extras/icons/location-star.png</thumbnail>
    <thumbnail label="logout.png">special://skin/extras/icons/logout.png</thumbnail>
    <thumbnail label="mame.png">special://skin/extras/icons/mame.png</thumbnail>
    <thumbnail label="map.png">special://skin/extras/icons/map.png</thumbnail>
    <thumbnail label="musicvideo.png">special://skin/extras/icons/musicvideo.png</thumbnail>
    <thumbnail label="mute.png">special://skin/extras/icons/mute.png</thumbnail>
    <thumbnail label="netflix.png">special://skin/extras/icons/netflix.png</thumbnail>
    <thumbnail label="network.png">special://skin/extras/icons/network.png</thumbnail>
    <thumbnail label="newspaper.png">special://skin/extras/icons/newspaper.png</thumbnail>
    <thumbnail label="nfl.png">special://skin/extras/icons/nfl.png</thumbnail>
    <thumbnail label="octo.png">special://skin/extras/icons/octo.png</thumbnail>
    <thumbnail label="ouya.png">special://skin/extras/icons/ouya.png</thumbnail>
    <thumbnail label="pandora no words.png">special://skin/extras/icons/pandora no words.png</thumbnail>
    <thumbnail label="pandora.png">special://skin/extras/icons/pandora.png</thumbnail>
    <thumbnail label="pictures.png">special://skin/extras/icons/pictures.png</thumbnail>
    <thumbnail label="play2.png">special://skin/extras/icons/play2.png</thumbnail>
    <thumbnail label="playlist.png">special://skin/extras/icons/playlist.png</thumbnail>
    <thumbnail label="play.png">special://skin/extras/icons/play.png</thumbnail>
    <thumbnail label="playstation.png">special://skin/extras/icons/playstation.png</thumbnail>
    <thumbnail label="plex.png">special://skin/extras/icons/plex.png</thumbnail>
    <thumbnail label="plus7.png">special://skin/extras/icons/plus7.png</thumbnail>
    <thumbnail label="power.png">special://skin/extras/icons/power.png</thumbnail>
    <thumbnail label="pseudotv-live.png">special://skin/extras/icons/pseudotv-live.png</thumbnail>
    <thumbnail label="pseudotv.png">special://skin/extras/icons/pseudotv.png</thumbnail>
    <thumbnail label="quote.png">special://skin/extras/icons/quote.png</thumbnail>
    <thumbnail label="radio.png">special://skin/extras/icons/radio.png</thumbnail>
    <thumbnail label="recentlyadded.png">special://skin/extras/icons/recentlyadded.png</thumbnail>
    <thumbnail label="recent.png">special://skin/extras/icons/recent.png</thumbnail>
    <thumbnail label="rocket2.png">special://skin/extras/icons/rocket2.png</thumbnail>
    <thumbnail label="rocket.png">special://skin/extras/icons/rocket.png</thumbnail>
    <thumbnail label="sbs.png">special://skin/extras/icons/sbs.png</thumbnail>
    <thumbnail label="search.png">special://skin/extras/icons/search.png</thumbnail>
    <thumbnail label="sets.png">special://skin/extras/icons/sets.png</thumbnail>
    <thumbnail label="settings.png">special://skin/extras/icons/settings.png</thumbnail>
    <thumbnail label="shipping.png">special://skin/extras/icons/shipping.png</thumbnail>
    <thumbnail label="signpost.png">special://skin/extras/icons/signpost.png</thumbnail>
    <thumbnail label="skype.png">special://skin/extras/icons/skype.png</thumbnail>
    <thumbnail label="song.png">special://skin/extras/icons/song.png</thumbnail>
    <thumbnail label="songs.png">special://skin/extras/icons/songs.png</thumbnail>
    <thumbnail label="songza.png">special://skin/extras/icons/songza.png</thumbnail>
    <thumbnail label="sort-up.png">special://skin/extras/icons/sort-up.png</thumbnail>
    <thumbnail label="soundcloud.png">special://skin/extras/icons/soundcloud.png</thumbnail>
    <thumbnail label="soundwave.png">special://skin/extras/icons/soundwave.png</thumbnail>
    <thumbnail label="spotify.png">special://skin/extras/icons/spotify.png</thumbnail>
    <thumbnail label="stream-music.png">special://skin/extras/icons/stream-music.png</thumbnail>
    <thumbnail label="stream-video.png">special://skin/extras/icons/stream-video.png</thumbnail>
    <thumbnail label="sun.png">special://skin/extras/icons/sun.png</thumbnail>
    <thumbnail label="supernes.png">special://skin/extras/icons/supernes.png</thumbnail>
    <thumbnail label="swissarmy.png">special://skin/extras/icons/swissarmy.png</thumbnail>
    <thumbnail label="sysinfo.png">special://skin/extras/icons/sysinfo.png</thumbnail>
    <thumbnail label="timer.png">special://skin/extras/icons/timer.png</thumbnail>
    <thumbnail label="title.png">special://skin/extras/icons/title.png</thumbnail>
    <thumbnail label="top100.png">special://skin/extras/icons/top100.png</thumbnail>
    <thumbnail label="trakttv.png">special://skin/extras/icons/trakttv.png</thumbnail>
    <thumbnail label="tvguide.png">special://skin/extras/icons/tvguide.png</thumbnail>
    <thumbnail label="tv.png">special://skin/extras/icons/tv.png</thumbnail>
    <thumbnail label="twitch.png">special://skin/extras/icons/twitch.png</thumbnail>
    <thumbnail label="twitter.png">special://skin/extras/icons/twitter.png</thumbnail>
    <thumbnail label="update.png">special://skin/extras/icons/update.png</thumbnail>
    <thumbnail label="ustvnow.png">special://skin/extras/icons/ustvnow.png</thumbnail>
    <thumbnail label="vevo.png">special://skin/extras/icons/vevo.png</thumbnail>
    <thumbnail label="video-addons.png">special://skin/extras/icons/video-addons.png</thumbnail>
    <thumbnail label="vimeo.png">special://skin/extras/icons/vimeo.png</thumbnail>
    <thumbnail label="volume.png">special://skin/extras/icons/volume.png</thumbnail>
    <thumbnail label="wand.png">special://skin/extras/icons/wand.png</thumbnail>
    <thumbnail label="warning.png">special://skin/extras/icons/warning.png</thumbnail>
    <thumbnail label="wifi.png">special://skin/extras/icons/wifi.png</thumbnail>
    <thumbnail label="wii.png">special://skin/extras/icons/wii.png</thumbnail>
    <thumbnail label="windows.png">special://skin/extras/icons/windows.png</thumbnail>
    <thumbnail label="wizard.png">special://skin/extras/icons/wizard.png</thumbnail>
    <thumbnail label="world.png">special://skin/extras/icons/world.png</thumbnail>
    <thumbnail label="xbox.png">special://skin/extras/icons/xbox.png</thumbnail>
    <thumbnail label="year.png">special://skin/extras/icons/year.png</thumbnail>
    <thumbnail label="years.png">special://skin/extras/icons/years.png</thumbnail>
    <thumbnail label="youtube.png">special://skin/extras/icons/youtube.png</thumbnail>

    <!-- WIDGET SETTINGS -->
    <!-- Properties -->


    <!-- Widget Spotlight -->
    <property property="widgetSpotlighttype">Películas</property>
    <property property="widgetSpotlighttype">Programas de Televisión</property>
    <property property="widgetSpotlighttype">Siguiente TV transmitida</property>
    <property property="widgetSpotlighttype">Televisión en Vivo</property>
    <propertySettings property="widgetSpotlighttype" showNone="false" buttonID="9906" title="Spotlight Widget" />

    <!-- Widget Hub -->
    <property property="widgethubselect">PelículasLists1</property>
    <property property="widgethubselect">TVLists1</property>
    <propertySettings property="widgethubselect" showNone="false" buttonID="9908" title="Centro de Widgets" />

    <!-- Widget Hub -->
    <property property="widgethubscrollselect">Centro TV Netflix</property>
    <property property="widgethubscrollselect">Centro TV Aura</property>
    <property property="widgethubscrollselect">Centro Película Netflix</property>
    <property property="widgethubscrollselect">Centro Película Aura</property>
    <propertySettings property="widgethubscrollselect" showNone="false" buttonID="9910" title="Centro de Desplazamiento de Widgets" />

    <property property="menulist">Menu de TV</property>
    <property property="menulist">Menu de Películas</property>
    <propertySettings property="menulist" showNone="false" buttonID="99101" title="Lista de Menú" />


    <!--Widget My List Aspect -->
    <property property="widgetmylistaspect" icon="special://skin/extras/widgettype/widget-square.png">Square</property>
    <property property="widgetmylistaspect" icon="special://skin/extras/widgettype/widget-square.png">SquareLabel</property>
    <property property="widgetmylistaspect" icon="special://skin/extras/widgettype/widget-poster.png">Poster</property>
    <property property="widgetmylistaspect" icon="special://skin/extras/widgettype/widget-landscapenetflix.png">LandscapeSmall</property>
    <property property="widgetmylistaspect" icon="special://skin/extras/widgettype/widget-category.png">Logo</property>
    <property property="widgetmylistaspect" icon="special://skin/extras/widgettype/widget-poster.png">Submenu</property>
    <propertySettings property="widgetmylistaspect" showNone="false" buttonID="99103" title="Widget My List Aspect Ratio" />

    <!-- Widget Type -->
    <property property="widgetType">Por Defecto</property>
    <property property="widgetType">Widget de Configuración</property>
    <property property="widgetType">Widget del Tiempo</property>
    <propertydefault property="widgetType">Default</propertydefault>
    <propertySettings property="widgetType" showNone="false" buttonID="99102" title="Tipo de Widget" />



    <!-- Widget Hub -->
    <propertySettings toggle="widgetControl" buttonID="9911" title="Widget Control" />
    <propertySettings toggle="widgetShowcase" buttonID="9912" title="Widget Showcase" />
    <propertySettings toggle="widgetLandscapewidebg" buttonID="99105" title="Widget Landscapewide BG" />
    <propertySettings toggle="widgetspotlight" buttonID="9913" title="Widget Spotlight" />
    <propertySettings toggle="widgetnetflix" buttonID="99139" title="Widget Netflix" />
    <propertySettings toggle="widgetInfoSlide" buttonID="99131" title="Widget Info Slide" />
    <propertySettings toggle="widgetShowcasehide" buttonID="99121" title="Widget Showcase Hide" />
    <propertySettings toggle="widgetmylistposition" buttonID="99104" title="Widget Control" />

    <!-- Widget Aspect -->
    <property property="widgetAspect" icon="special://skin/extras/widgettype/widget-poster.png">Poster</property>
    <property property="widgetAspect" icon="special://skin/extras/widgettype/widget-square.png">Square</property>
    <property property="widgetAspect" icon="special://skin/extras/widgettype/widget-landscape.png">Landscape</property>
    <property property="widgetAspect" icon="special://skin/extras/widgettype/widget-landscapewide.png" condition="!Skin.HasSetting(DisableAuraHomeLayout) | [Skin.HasSetting(DisableAuraHomeLayout) + !Skin.HasSetting(DisableNetflixLargeWidget)]">LandscapeWide</property>
    <property property="widgetAspect" icon="special://skin/extras/widgettype/widget-landscapewideposter.png" condition="!Skin.HasSetting(DisableAuraHomeLayout) | [Skin.HasSetting(DisableAuraHomeLayout) + !Skin.HasSetting(DisableNetflixLargeWidget)]">LandscapePoster</property>
    <property property="widgetAspect" icon="special://skin/extras/widgettype/widget-landscapenetflix.png" condition="!Skin.HasSetting(DisableAuraHomeLayout) | [Skin.HasSetting(DisableAuraHomeLayout) + !Skin.HasSetting(DisableNetflixLargeWidget)]">LandscapeSmall</property>
    <property property="widgetAspect" icon="special://skin/extras/widgettype/widget-landscapenetflix.png" condition="!Skin.HasSetting(DisableAuraHomeLayout) | [Skin.HasSetting(DisableAuraHomeLayout) + !Skin.HasSetting(DisableNetflixLargeWidget)]">LandscapePanel</property>
    <property property="widgetAspect" icon="special://skin/extras/widgettype/widget-landscapenetflix.png" condition="!Skin.HasSetting(DisableAuraHomeLayout) | [Skin.HasSetting(DisableAuraHomeLayout) + !Skin.HasSetting(DisableNetflixLargeWidget)]">LandscapeDetails</property>
    <property property="widgetAspect" icon="special://skin/extras/widgettype/widget-posterdetails.png" condition="!Skin.HasSetting(DisableAuraHomeLayout) | [Skin.HasSetting(DisableAuraHomeLayout) + !Skin.HasSetting(DisableNetflixLargeWidget)]">PosterDetails</property>
    <property property="widgetAspect" icon="special://skin/extras/widgettype/widget-widgetlive.png">WidgetLive</property>
    <property property="widgetAspect" icon="special://skin/extras/widgettype/widget-category.png">Logo</property>
    <property property="widgetAspect" icon="special://skin/extras/widgettype/widget-genres.png">Genre</property>
    <property property="widgetAspect" icon="special://skin/extras/backgrounds/viewmodes/submenu-large.jpg">Submenu</property>
    <property property="widgetAspect" icon="special://skin/extras/widgettype/widget-poster.png" condition="!Skin.HasSetting(DisableAuraHomeLayout) | [Skin.HasSetting(DisableAuraHomeLayout) + !Skin.HasSetting(DisableNetflixLargeWidget)]">SquareLabel</property>
    <propertySettings property="widgetAspect" showNone="false" buttonID="9901" title="Relación de Aspecto del Widget" />


    <propertydefault labelID="programs" group="24001.1" property="widgetAspect">Square</propertydefault>

    <!-- Menu Hub Widget Aspect -->
    <property property="widgetHubAspect" icon="special://skin/extras/widgettype/widget-poster.png">Poster</property>
    <property property="widgetHubAspect" icon="special://skin/extras/widgettype/widget-poster.png">LandscapePoster</property>
    <property property="widgetHubAspect" icon="special://skin/extras/widgettype/widget-landscape.png">Landscape</property>
    <property property="widgetHubAspect" icon="special://skin/extras/widgettype/widget-landscapenetflix.png">LandscapeSmall</property>
    <property property="widgetHubAspect" icon="special://skin/extras/widgettype/widget-landscape.png">LandscapePanel</property>
    <property property="widgetHubAspect" icon="special://skin/extras/backgrounds/viewmodes/submenu-large.jpg">Submenu</property>
    <propertySettings property="widgetHubAspect" showNone="false" buttonID="9905" title="Widget Hub Aspect Ratio" />

    <!-- Widget Target -->
    <property property="widgetTarget">videos</property>
    <property property="widgetTarget">musica</property>
    <property property="widgetTarget">imágenes</property>
    <property property="widgetTarget">programas</property>
    <propertySettings property="widgetTarget" buttonID="9902" title="Tipo de Contenido del Widget" />

    <!-- Widget Sort -->
    <property property="widgetSortby">nombre</property>
    <property property="widgetSortby">aleatorio</property>
    <property property="widgetSortby">Fecha Agregada</property>
    <property property="widgetSortby">último reproducido</property>
    <property property="widgetSortby">contador</property>
    <property property="widgetSortby">año</property>
    <property property="widgetSortby">clasificación</property>
    <property property="widgetSortby">opiniones de los usuarios</property>
    <property property="widgetSortby">votos</property>
    <property property="widgetSortby">género</property>
    <property property="widgetSortby">país</property>
    <property property="widgetSortby">estudio</property>
    <property property="widgetSortby">orden de la lista de reproducción</property>
    <property property="widgetSortby">número de episodio</property>
    <property property="widgetSortby">temporada</property>
    <property property="widgetSortby">número de episodios</property>
    <property property="widgetSortby">número de episodios vistos</property>
    <property property="widgetSortby">estado del programa de televisión</property>
    <property property="widgetSortby">título del programa de televisión</property>
    <property property="widgetSortby">expediente</property>
    <property property="widgetSortby">título</property>
    <property property="widgetSortby">número de pista</property>
    <property property="widgetSortby">tiempo</property>
    <property property="widgetSortby">artista</property>
    <property property="widgetSortby">álbum</property>
    <property property="widgetSortby">última actualización</property>
    <property property="widgetSortby">utilizado por última vez</property>
    
    <propertySettings property="widgetSortby" buttonID="9903" title="Método de Clasificación de Widgets" />

    <!-- Widget Direction -->
    <property property="widgetSortorder">ascendente</property>
    <property property="widgetSortorder">descendente</property>
    <propertySettings property="widgetSortorder" buttonID="9904" title="Dirección de Clasificación de Widgets" />




    <!-- DEFAULT WIDGETS -->
    <!-- Movies -->
    <propertydefault labelID="20342" property="backgroundName">special://skin/extras/backgrounds/movies-mainmenu-bg.jpg</propertydefault>
    <propertydefault labelID="20342" property="background">special://skin/extras/backgrounds/movies-mainmenu-bg.jpg</propertydefault>
    <propertydefault labelID="20342" property="widgetSpotlighttype">Movies</propertydefault>
    <propertydefault labelID="20342" property="widgetspotlight">true</propertydefault>


    <!-- TvShows -->
    <propertydefault labelID="tvshows" property="backgroundName">special://skin/extras/backgrounds/tv-shows--mainmenu-bg.jpg</propertydefault>
    <propertydefault labelID="tvshows" property="background">special://skin/extras/backgrounds/tv-shows-mainmenu-bg.jpg</propertydefault>
    <propertydefault labelID="tvshows" property="widgetSpotlighttype">TVShows</propertydefault>
    <propertydefault labelID="tvshows" property="widgetspotlight">true</propertydefault>

    <!-- Music -->

    <!-- PVR -->
    
    <!-- Addons -->

    <!-- Default Widgets for Settings and Power (Weather) -->
    <widgetdefault labelID="5">Settings</widgetdefault>
    <widgetdefault labelID="33060">Weather</widgetdefault>

    <!-- GROUPINGS -->
    <!-- Main Grouping -->
    <groupings>
        <node label="32029">
            <content>common</content>
            <shortcut label="$LOCALIZE[33060]" type="$LOCALIZE[31018]" icon="special://skin/extras/icons/power.png">ActivateWindow(shutdownmenu)</shortcut>
            <shortcut label="$LOCALIZE[31017]" type="32010">||BROWSE||script.skin.helper.service/?action=smartshortcuts</shortcut>
            <shortcut label="$LOCALIZE[31830]" grouping="32029" icon="special://skin/extras/icons/tv.png">ActivateWindow(3730,return)</shortcut>
            <shortcut label="$LOCALIZE[31523]" grouping="32029" icon="special://skin/extras/icons/search.png">ActivateWindow(1136)</shortcut>
        </node>
        <node label="$LOCALIZE[31885]">
            <shortcut label="$LOCALIZE[31886]" grouping="32029" icon="special://skin/extras/icons/clipboard.png">ActivateWindow(5111,return)</shortcut>
            <shortcut label="$LOCALIZE[31887]" grouping="32029" icon="special://skin/extras/icons/clipboard.png">ActivateWindow(2112,return)</shortcut>
            <shortcut label="$LOCALIZE[31804]" grouping="32029" icon="special://skin/extras/icons/film.png">ActivateWindow(3820,return)</shortcut>
            <shortcut label="$LOCALIZE[31803]" grouping="32029" icon="special://skin/extras/icons/film.png">ActivateWindow(3920,return)</shortcut>
            <shortcut label="$LOCALIZE[31888]" grouping="32029" icon="special://skin/extras/icons/tv.png">ActivateWindow(4010,return)</shortcut>
            <shortcut label="$LOCALIZE[31889]" grouping="32029" icon="special://skin/extras/icons/clipboard.png">ActivateWindow(2114,return)</shortcut>
            <shortcut label="$LOCALIZE[31890]" grouping="32029" icon="special://skin/extras/icons/tv.png">ActivateWindow(4020,return)</shortcut>
            <shortcut label="$LOCALIZE[31891]" grouping="32029" icon="special://skin/extras/icons/tv.png">ActivateWindow(2118,return)</shortcut>
            <shortcut label="$LOCALIZE[31827]" grouping="32029" icon="special://skin/extras/icons/tv.png">ActivateWindow(3910,return)</shortcut>
            <shortcut label="$LOCALIZE[31828]" grouping="32029" icon="special://skin/extras/icons/tv.png">ActivateWindow(3810,return)</shortcut>
            <shortcut label="$LOCALIZE[31523]" grouping="32029" icon="special://skin/extras/icons/search.png">ActivateWindow(1136)</shortcut>

            <shortcut label="$LOCALIZE[31892]" grouping="32029" icon="special://skin/extras/icons/clipboard.png">ActivateWindow(2111,return)</shortcut>
            <shortcut label="$LOCALIZE[31893]" grouping="32029" icon="special://skin/extras/icons/clipboard.png">ActivateWindow(2113,return)</shortcut>
            <shortcut label="$LOCALIZE[31894]" grouping="32029" icon="special://skin/extras/icons/clipboard.png">ActivateWindow(2115,return)</shortcut>
            <shortcut label="$LOCALIZE[31895]" grouping="32029" icon="special://skin/extras/icons/clipboard.png">ActivateWindow(2116,return)</shortcut>
            <shortcut label="$LOCALIZE[31896]" grouping="32029" icon="special://skin/extras/icons/clipboard.png">ActivateWindow(2117,return)</shortcut>
            <shortcut label="$LOCALIZE[31897]" grouping="32029" icon="special://skin/extras/icons/clipboard.png">ActivateWindow(2120,return)</shortcut>
            <shortcut label="$LOCALIZE[31898]" grouping="32029" icon="special://skin/extras/icons/clipboard.png">ActivateWindow(2121,return)</shortcut>
            <shortcut label="$LOCALIZE[31899]" grouping="32029" icon="special://skin/extras/icons/clipboard.png">ActivateWindow(2122,return)</shortcut>
            <shortcut label="$LOCALIZE[31900]" grouping="32029" icon="special://skin/extras/icons/clipboard.png">ActivateWindow(2123,return)</shortcut>
        </node>

        <node label="$LOCALIZE[31901]">
            <shortcut label="$LOCALIZE[31902]" grouping="32029" icon="special://skin/extras/icons/clipboard.png">ActivateWindow(1101,return)</shortcut>
            <shortcut label="$LOCALIZE[31903]" grouping="32029" icon="special://skin/extras/icons/clipboard.png">ActivateWindow(1102,return)</shortcut>

            <shortcut label="$LOCALIZE[31904]" grouping="32029" icon="special://skin/extras/icons/clipboard.png">ActivateWindow(1103,return)</shortcut>
            <shortcut label="$LOCALIZE[31905]" grouping="32029" icon="special://skin/extras/icons/clipboard.png">ActivateWindow(1104,return)</shortcut>

            <shortcut label="$LOCALIZE[31906]" grouping="32029" icon="special://skin/extras/icons/clipboard.png">ActivateWindow(1105,return)</shortcut>
            <shortcut label="$LOCALIZE[31907]" grouping="32029" icon="special://skin/extras/icons/clipboard.png">ActivateWindow(1106,return)</shortcut>
            <shortcut label="$LOCALIZE[31908]" grouping="32029" icon="special://skin/extras/icons/clipboard.png">ActivateWindow(1107,return)</shortcut> 
            <shortcut label="$LOCALIZE[31897]" grouping="32029" icon="special://skin/extras/icons/clipboard.png">ActivateWindow(3110,return)</shortcut>
            <shortcut label="$LOCALIZE[31898]" grouping="32029" icon="special://skin/extras/icons/clipboard.png">ActivateWindow(3111,return)</shortcut>
            <shortcut label="$LOCALIZE[31899]" grouping="32029" icon="special://skin/extras/icons/clipboard.png">ActivateWindow(3112,return)</shortcut>
            <shortcut label="$LOCALIZE[31900]" grouping="32029" icon="special://skin/extras/icons/clipboard.png">ActivateWindow(3113,return)</shortcut>
        </node>

        <node label="32030">
            <content>video</content>
            <node label="32040">
                <content>playlist-video</content>
            </node>
            <node label="32010">
                <shortcut label="$LOCALIZE[31909]" type="32014" icon="DefaultAddonVideo.png">ActivateWindow(Videos,Addons,return)</shortcut>
                <content>addon-video</content>
            </node>
            <node label="32075">
                <content>videosources</content>
                <content>upnp-video</content>
            </node>
        </node>
        <node label="32031">
            <content>musicA</content>
            <node label="32040">
                <content>playlist-audio</content>
            </node>
            <node label="32011">
                <shortcut label="1038" type="32019" icon="DefaultAddonMusic.png">ActivateWindow(MusicLibrary,Addons,return)</shortcut>
                <content>addon-audio</content>
            </node>
            <node label="32075">
                <content>musicsources</content>
                <content>upnp-music</content>
            </node>
        </node>
        <node label="32017" condition="System.GetBool(pvrmanager.enabled)" version="13">
            <content>pvr</content>
            <node label="19023">
                <content>pvr-tv</content>
            </node>
            <node label="19024">
                <content>pvr-radio</content>
            </node>
        </node>
        <node label="32017" condition="PVR.HasTVChannels" version="14">
            <content>pvr</content>
            <node label="19023">
                <content>pvr-tv</content>
            </node>
        </node>
        <node label="32087" condition="PVR.HasRadioChannels" version="14">
            <content>radio</content>
            <node label="19024">
                <content>pvr-radio</content>
            </node>
        </node>
        <node label="32020">
            <content>picturesources</content>
        </node>
        <node label="32007">
            <node label="32009">
                <shortcut label="$LOCALIZE[31680]" type="32021" icon="DefaultAddonProgram.png">ActivateWindow(Programs,Addons,return)</shortcut>
                <content>addon-program</content>
            </node>
            <node label="32010">
                <shortcut label="$LOCALIZE[31909]" type="32014" icon="DefaultAddonVideo.png">ActivateWindow(Videos,Addons,return)</shortcut>
                <content>addon-video</content>
            </node>
            <node label="32011">
                <shortcut label="1038" type="32019" icon="DefaultAddonMusic.png">ActivateWindow(MusicLibrary,Addons,return)</shortcut>
                <content>addon-audio</content>
            </node>
            <node label="32012">
                <shortcut label="1039" type="32020" icon="DefaultAddonPicture.png">ActivateWindow(Pictures,Addons,return)</shortcut>
                <content>addon-image</content>
            </node>
        </node>
        <node label="32006">
            <content>favourite</content>
        </node>
        <node label="10004">
            <content>settings</content>
        </node>
        <node label="32054">
            <content>commands</content>
        </node>
    </groupings>

    <!-- Video Grouping -->
    <video-groupings>
        <node label="32040">
            <content>playlist-video</content>
        </node>
        <node label="32010">
            <shortcut label="$LOCALIZE[31909]" type="32014" icon="DefaultAddonVideo.png">ActivateWindow(Videos,Addons,return)</shortcut>
            <content>addon-video</content>
        </node>
        <content>video</content>

    </video-groupings>

    <!-- Widget Grouping -->
    <widget-groupings>
        <node label="$LOCALIZE[31183]">
            <node label="$LOCALIZE[31504]">
                <shortcut widget="MyMovieList1" label="$LOCALIZE[31910]" icon="DefaultSets.png" widgetTarget="video">x1101</shortcut>
                <shortcut widget="MyTVList1" label="$LOCALIZE[31911]" icon="DefaultSets.png" widgetTarget="video">x1103</shortcut>
                <shortcut widget="MyMyList1" label="$LOCALIZE[31912]" icon="DefaultSets.png" widgetTarget="video">x1105</shortcut>
                <shortcut widget="MyMyList2" label="$LOCALIZE[31913]" icon="DefaultSets.png" widgetTarget="video">x1106</shortcut>
                <shortcut widget="MyMyList3" label="$LOCALIZE[31914]" icon="DefaultSets.png" widgetTarget="video">x1107</shortcut>
                <shortcut widget="MyAddonsList1" label="$LOCALIZE[31915]" icon="DefaultSets.png" widgetTarget="video">x1110</shortcut>
                <shortcut widget="MyAddonsList2" label="$LOCALIZE[31916]" icon="DefaultSets.png" widgetTarget="video">x1111</shortcut>
                <shortcut widget="MyLiveTVList1" label="$LOCALIZE[31917]" icon="DefaultSets.png" widgetTarget="video">x1112</shortcut>
                <shortcut widget="MyLiveTVList2" label="$LOCALIZE[31918]" icon="DefaultSets.png" widgetTarget="video">x1113</shortcut>
            </node>

            <node label="$LOCALIZE[342]">
                <shortcut widget="NewMovies" label="$LOCALIZE[31185]" icon="DefaultRecentlyAddedMovies.png" widgetTarget="video">special://skin/extras/playlists/NewMovies.xsp</shortcut>
                <shortcut widget="RecentMovies" label="$LOCALIZE[31190]" icon="DefaultMusicRecentlyPlayed.png" widgetTarget="video">special://skin/extras/playlists/RecentMovies.xsp</shortcut>
                <shortcut widget="RandomMovies" label="$LOCALIZE[31200]" icon="DefaultMovies.png" widgetTarget="video">special://skin/extras/playlists/RandomMovies.xsp</shortcut>
                <shortcut widget="InProgressMovies" label="$LOCALIZE[31216]" icon="special://skin/extras/icons/timer.png" widgetTarget="video">special://skin/extras/playlists/InProgressMovies.xsp</shortcut>
                <shortcut widget="TopRatedMovies" label="$LOCALIZE[31225]" icon="DefaultMusicTop100Albums.png" widgetTarget="video">special://skin/extras/playlists/TopRatedMovies.xsp</shortcut>
                <shortcut widget="Top250Movies" label="$LOCALIZE[31276]" icon="DefaultMusicTop100Albums.png" widgetTarget="video">special://skin/extras/playlists/Top250Movies.xsp</shortcut>
                <shortcut widget="UnwatchedMovies" label="$LOCALIZE[31278]" icon="DefaultMovies.png" widgetTarget="video">special://skin/extras/playlists/UnwatchedMovies.xsp</shortcut>
                <shortcut widget="MovieNodes" label="$LOCALIZE[31296]" icon="special://skin/extras/icons/title.png" widgetTarget="video">library://video/movies/</shortcut>
                <shortcut widget="MovieGenres" label="$LOCALIZE[31257]" icon="DefaultGenre.png" widgetTarget="video">library://video/movies/genres.xml</shortcut>
                <shortcut widget="MovieSets" label="$LOCALIZE[31260]" icon="DefaultSets.png" widgetTarget="video">videodb://movies/sets/</shortcut>
                <shortcut widget="SimilarSerenMovies" label="$LOCALIZE[31919] $VAR[similarserenmovie]" icon="DefaultSets.png" widgetTarget="video">$VAR[similar_movie_content]</shortcut>
                <shortcut widget="SimilarSerenMovies 2" label="$LOCALIZE[31919] $VAR[similarserenmovie2]" icon="DefaultSets.png" widgetTarget="video">$VAR[similar_movie2_content]</shortcut>
                <shortcut widget="RandomSerenMovies" label="$LOCALIZE[31920]" icon="DefaultSets.png" widgetTarget="video">videodb://movies/sets/</shortcut>

            </node>
            <node label="$LOCALIZE[31301]">
                <shortcut widget="NewTvShows" label="$LOCALIZE[31367]" icon="DefaultRecentlyAddedMovies.png" widgetTarget="video">special://skin/extras/playlists/NewShows.xsp</shortcut>
                <shortcut widget="RecentTvShows" label="$LOCALIZE[31194]" icon="DefaultMusicRecentlyPlayed.png" widgetTarget="video">special://skin/extras/playlists/RecentTvShows.xsp</shortcut>
                <shortcut widget="InProgress" label="$LOCALIZE[31196]" icon="special://skin/extras/icons/timer.png" widgetTarget="video">library://video/tvshows/inprogressshows.xml</shortcut>
                <shortcut widget="RandomTvShows" label="$LOCALIZE[31233]" icon="DefaultTVShows.png" widgetTarget="video">special://skin/extras/playlists/RandomTvShows.xsp</shortcut>
                <shortcut widget="TopRatedTvShows" label="$LOCALIZE[31222]" icon="DefaultMusicTop100Albums.png" widgetTarget="video">special://skin/extras/playlists/TopRatedTvShows.xsp</shortcut>
                <shortcut widget="TvShowNodes" label="$LOCALIZE[31297]" icon="special://skin/extras/icons/title.png" widgetTarget="video">library://video/tvshows/</shortcut>
                <shortcut widget="TvShowGenres" label="$LOCALIZE[31274]" icon="DefaultGenre.png" widgetTarget="video">library://video/tvshows/genres.xml</shortcut>
                <shortcut widget="SimilarSerenTV" label="$LOCALIZE[31919] $VAR[similarserentv]" icon="DefaultSets.png" widgetTarget="video">$VAR[similar_tv_content]</shortcut>
                <shortcut widget="SimilarSerenTV 2" label="$LOCALIZE[31919] $VAR[similarserentv2]" icon="DefaultSets.png" widgetTarget="video">$VAR[similar_tv2_content]</shortcut>
                <shortcut widget="RandomSerenTV" label="$LOCALIZE[31921]" icon="DefaultGenre.png" widgetTarget="video">videodb://tv</shortcut>
            </node>
            <node label="$LOCALIZE[20360]">
                <shortcut widget="NewEpisodes" label="$LOCALIZE[31214]" icon="DefaultRecentlyAddedMovies.png" widgetTarget="video">special://skin/extras/playlists/NewEpisodes.xsp</shortcut>
                <shortcut widget="Recent Episodes" label="$LOCALIZE[31198]" icon="DefaultMusicRecentlyPlayed.png" widgetTarget="video">special://skin/extras/playlists/RecentEpisodes.xsp</shortcut>
                <shortcut widget="RandomEpisodes" label="$LOCALIZE[31202]" icon="DefaultTVShows.png" widgetTarget="video">special://skin/extras/playlists/RandomEpisodes.xsp</shortcut>
                <shortcut widget="UnwatchedEpisodes" label="$LOCALIZE[31283]" icon="DefaultTVShows.png" widgetTarget="video">special://skin/extras/playlists/UnwatchedEpisodes.xsp</shortcut>
                <shortcut widget="InProgressEpisodes" label="$LOCALIZE[31218]" icon="special://skin/extras/icons/timer.png" widgetTarget="video">special://skin/extras/playlists/InProgressEpisodes.xsp</shortcut>
                <shortcut widget="TopRatedEpisodes" label="$LOCALIZE[31230]" icon="DefaultMusicTop100Albums.png" widgetTarget="video">special://skin/extras/playlists/TopRatedEpisodes.xsp</shortcut>
                
            </node>
            <node label="$LOCALIZE[249]">
                <shortcut widget="NewAlbums" label="$LOCALIZE[31238]" icon="DefaultMusicRecentlyAdded.png" widgetTarget="music">musicdb://recentlyaddedalbums/</shortcut>
                <shortcut widget="RecentAlbums" label="$LOCALIZE[31242]" icon="DefaultMusicRecentlyPlayed.png" widgetTarget="music">musicdb://recentlyplayedalbums/</shortcut>
                <shortcut widget="TopAlbums" label="$LOCALIZE[31243]" icon="DefaultMusicTop100Albums.png" widgetTarget="music">musicdb://top100/albums/</shortcut>
                <shortcut widget="RandomAlbums" label="$LOCALIZE[31187]" icon="DefaultMusicAlbums.png" widgetTarget="music">special://skin/extras/playlists/RandomAlbums.xsp</shortcut>
                <shortcut widget="RandomArtists" label="$LOCALIZE[31295]" icon="DefaultMusicArtists.png" widgetTarget="music">special://skin/extras/playlists/RandomArtists.xsp</shortcut>
                <shortcut widget="MusicNodes" label="$LOCALIZE[31300]" icon="special://skin/extras/icons/title.png" widgetTarget="music">library://music/</shortcut>
            </node>
            <node label="$LOCALIZE[31343]">
                <shortcut widget="LastPlayedChannels" label="$LOCALIZE[31381]" icon="DefaultAddonPVRClient.png" widgetTarget="pvr">pvr://channels/tv/*?view=lastplayed</shortcut>
                <shortcut widget="AllChannels" label="$LOCALIZE[19287]" icon="DefaultAddonPVRClient.png" widgetTarget="pvr">pvr://channels/tv/*</shortcut>
                <shortcut widget="ActiveRecordings" label="$LOCALIZE[31382]" icon="DefaultAddonPVRClient.png" widgetTarget="pvr">pvr://recordings/tv/active?view=flat</shortcut>
                <shortcut widget="GroupedActiveRecordings" label="$LOCALIZE[31383]" icon="DefaultAddonPVRClient.png" widgetTarget="pvr">pvr://recordings/tv/active?view=grouped</shortcut>
                <shortcut widget="DeletedRecordings" label="$LOCALIZE[19184]" icon="DefaultAddonPVRClient.png" widgetTarget="pvr">pvr://recordings/tv/deleted?view=flat</shortcut>
                <shortcut widget="GroupedDeletedRecordings" label="$LOCALIZE[31384]" icon="DefaultAddonPVRClient.png" widgetTarget="pvr">pvr://recordings/tv/deleted?view=grouped</shortcut>
                <shortcut widget="Timers" label="$LOCALIZE[19040]" icon="DefaultAddonPVRClient.png" widgetTarget="pvr">pvr://timers/tv/timers</shortcut>
            </node>
            <node label="$LOCALIZE[14224]">
                <content>widgets</content>
                <shortcut widget="VideoSources" label="$LOCALIZE[31159]" icon="DefaultVideo.png" widgetTarget="video">sources://video/</shortcut>
                <shortcut widget="MusicSources" label="$LOCALIZE[31302]" icon="DefaultMusicSongs.png" widgetTarget="music">sources://music/</shortcut>
                <shortcut widget="PictureSources" label="$LOCALIZE[31304]" icon="DefaultPicture.png" widgetTarget="pictures">sources://pictures/</shortcut>
            </node>
        </node>
        <shortcut label="$LOCALIZE[31182]" icon="DefaultFolder.png" condition="System.HasAddon(script.skin.helper.service)">||BROWSE||script.skin.helper.service/?action=widgets&amp;path=skinplaylists,librarydataprovider,scriptwidgets,smartshortcuts,pvr</shortcut>
        <shortcut label="32107" condition="!System.HasAddon(script.skin.helper.service)">::INSTALL::script.skin.helper.service</shortcut>
        <node label="32007">
            <node label="32010">
                <content>addon-video</content>
            </node>
            <node label="32011">
                <content>addon-audio</content>
            </node>
            <node label="32012">
                <content>addon-image</content>
            </node>
            <node label="32009">
                <content>addon-program-plugin</content>
            </node>
            <shortcut label="$LOCALIZE[31680]" type="32021" icon="DefaultAddonProgram.png" widget="addon" widgetType="program" widgetTarget="programs">addons://sources/executable/</shortcut>
            <shortcut label="20244" type="32021" icon="DefaultAddonProgram.png" widget="addon" widgetType="program" widgetTarget="programs" condition="System.Platform.Android">androidapp://sources/apps/</shortcut>
            <shortcut label="$LOCALIZE[31909]" type="32014" icon="DefaultAddonVideo.png" widget="addon" widgetType="video" widgetTarget="video">addons://sources/video/</shortcut>
            <shortcut label="1038" type="32019" icon="DefaultAddonMusic.png" widget="addon" widgetType="music" widgetTarget="music">addons://sources/audio/</shortcut>
            <shortcut label="1039" type="32020" icon="DefaultAddonPicture.png" widget="addon" widgetType="picture" widgetTarget="pictures">addons://sources/image/</shortcut>
        </node>
        <node label="32030">
            <content>video</content>
            <node label="32040">
                <content>playlist-video</content>
            </node>
            <node label="32010">
                <content>addon-video</content>
            </node>
            <node label="32075">
                <content>videosources</content>
            </node>
        </node>
        <node label="32031">
            <content>music</content>
            <node label="32040">
                <content>playlist-audio</content>
            </node>
            <node label="32011">
                <content>addon-audio</content>
            </node>
            <node label="32075">
                <content>musicsources</content>
            </node>
        </node>
        <node label="32020">
            <content>picturesources</content>
        </node>
        
        
    </widget-groupings>

</overrides>
