<?xml version="1.0" encoding="UTF-8" standalone="yes"?>
<addon id="plugin.program.GTKing-Matrix" name="[COLOR azure][B]GTKing[/B][/COLOR] [COLOR lime][B]MATRIX[/B][/COLOR]" version="3.0" provider-name="Josa, DavidZgZ, Sugea y GTKing TEAM">
	<requires>
    	<import addon="xbmc.python" version="3.0.0"/>
    	<import addon="script.module.requests" />
        <import addon="script.module.six" />
        <import addon="script.kodi.android.update" optional="true" version="1.1.7" />
	</requires>
	
	<extension point="xbmc.python.pluginsource" library="default.py">
    	<provides>executable</provides>
    </extension>
  
	<extension point="xbmc.service" library="startup.py" start="startup" />
  
	<extension point="xbmc.addon.metadata">
		<summary lang="es">[COLOR azure]GTKing[/COLOR] [COLOR lime]MATRIX[/COLOR]</summary>
    	<description lang="es">
[B]Build GTKing MATRIX para KODI 19.x[/B]

[B]- Testers:[/B] [COLOR deeppink]Mapache,Tete6776,Vicente,zalcos[/COLOR]

[B]- Telegram:[/B] [COLOR lime]t.me/beelinkking[/COLOR]</description>
		<platform>all</platform>
		<reuselanguageinvoker>false</reuselanguageinvoker>
        <source>https://www.github.com/gtkingbuild/Repo-GTKing/plugin.program.GTKing-Matrix/</source>
		<news>
- Build [COLOR azure][B]GTKing[/B][/COLOR] [COLOR lime][B]MATRIX[/B][/COLOR]

05/03/2021
- Instalador actualizado a la versión 3.0.4
- Inciada la compatibilidad con Kodi 19.0 Matrix
		</news>
		<assets>
            <icon>icon.png</icon>
            <fanart>fanart.jpg</fanart>
        </assets>
    </extension>
</addon>
