<?xml version="1.0" encoding="UTF-8" standalone="yes"?>
<addon id="plugin.program.GTKing-Phoenix-Nexus" name="[B][COLOR azure]GTKing[/COLOR] [COLOR gold]PHOENIX[/COLOR] [COLOR darkmagenta]NEXUS[/COLOR][/B]" version="20.0" provider-name="GTKing PHOENIX NEXUS">
	<requires>
		<import addon="xbmc.python" version="3.0.0"/>
		<import addon="script.module.requests"/>
		<import addon="script.module.six"/>
		<import addon="script.kodi.android.update" optional="true" version="1.1.7"/>
	</requires>
	
	<extension point="xbmc.python.pluginsource" debugging="true" library="default.py">
		<provides>executable</provides>
	</extension>
  
	<extension point="xbmc.service" library="startup.py" start="startup"/>
  
	<extension point="xbmc.addon.metadata">
		<summary lang="es">[COLOR azure]GTKing[/COLOR] [COLOR gold]PHOENIX[/COLOR] [COLOR darkmagenta]NEXUS[/COLOR] tu Wizard para [COLOR teal]KODI 20.x[/COLOR]!!</summary>
		<description>
[B]• Developer:[/B] [COLOR gold]DavidZgZ[/COLOR]
[B]• Testers:[/B]   [COLOR dodgerblue]GTKing PHOENIX TEAM[/COLOR]
		</description>
		<platform>all</platform>
		<reuselanguageinvoker>false</reuselanguageinvoker>
		<source>https://gtkingbuild.github.io/</source>
		<news>
• 05/03/2021
- Instalador actualizado a la versión 3.0.4
- Iniciada la compatibilidad con Kodi 19.0 Matrix

• 25/07/2023
- Instalador actualizado a la versión 3.3
- Iniciada la compatibilidad con Kodi 20.x Nexus
		</news>
		<assets>
			<icon>icon.png</icon>
			<fanart>fanart.jpg</fanart>
		</assets>
	</extension>
</addon>