<?xml version="1.0" encoding="UTF-8"?>
<!-- Foundation -->
<window type="dialog" id="1131">
    <defaultcontrol always="true">8000</defaultcontrol>
    <onunload condition="!String.IsEmpty(Window(Home).Property(RunWizardHub))">ActivateWindow(1131)</onunload>
    <!-- <onunload>AlarmClock(reloadskin,ReloadSkin(),00:00,silent,false)</onunload> -->
    <controls>
        <include>Global_Overlay</include>
        <control type="group">
            <include content="Dialog_Standard_Group">
                <param name="width" value="1800" />
                <param name="height" value="726" />
            </include>

            <control type="label">
                <description>Header Label</description>
                <label>[CAPITALIZE]INSTALAR ADDONS[/CAPITALIZE]</label>
                <include>Dialog_Standard_Header</include>
            </control>
            <!-- Image -->
            <control type="group">
                <left>20</left>
                <width>1060</width>
                <top>100</top>
                <height>600</height>
                <control type="image">
                    <aspectratio scalediffuse="false">keep</aspectratio>
                    <texture background="true" fallback="special://skin/fanart.jpg" diffuse="diffuse/1117.png">$INFO[Window.Property(Image_Preview)]</texture>
                </control>
                <control type="image">
                    <aspectratio scalediffuse="false">center</aspectratio>
                    <visible>[Control.HasFocus(8001) + !String.Contains(Control.GetLabel(9001),*)] | [Control.HasFocus(9002) + !String.Contains(Control.GetLabel(9002),*)] | [Control.HasFocus(9003) + !String.Contains(Control.GetLabel(9003),*)] | [Control.HasFocus(9004) + !String.Contains(Control.GetLabel(9004),*)] | [Control.HasFocus(9005) + !String.Contains(Control.GetLabel(9005),*)] | [Control.HasFocus(9006) + !String.Contains(Control.GetLabel(9006),*)] | [Control.HasFocus(9007) + !String.Contains(Control.GetLabel(9007),*)] | [Control.HasFocus(9008) + !String.Contains(Control.GetLabel(9008),*)] | [Control.HasFocus(9009) + !String.Contains(Control.GetLabel(9009),*)] | [Control.HasFocus(9010) + !String.Contains(Control.GetLabel(9010),*)]</visible>
                </control>
            </control>

            <control type="grouplist" id="8000">
                <description>Control Area</description>
                <right>20</right>
                <width>680</width>
                <top>100</top>
                <height>600</height>
                <itemgap>10</itemgap>
                <orientation>vertical</orientation>
                <pagecontrol>60</pagecontrol>
                <usecontrolcoords>true</usecontrolcoords>
                        <control type="radiobutton" id="9001" description="Instalar PVR IPTV Simple Client">
                            <include>Dialog_Standard_ListButton</include>
							<radioposx>630</radioposx>
                            <label>PVR IPTV Simple Client (necesario)</label>
							<selected>System.HasAddon(pvr.iptvsimple)</selected>							
                            <onclick>InstallAddon(pvr.iptvsimple)</onclick>	
							<onfocus>SetProperty(Image_Preview,https://i.imgur.com/02Corrh.jpg)</onfocus>
                        </control>
				
                       <!-- <control type="radiobutton" id="9002" description="Instalar Elementum">
                            <include>Dialog_Standard_ListButton</include>
                            <radioposx>630</radioposx>
                            <label>Elementum</label>
							<selected>System.HasAddon(plugin.program.elementum)</selected>
                            <onclick>InstallAddon(plugin.program.elementum)</onclick>	
							<onfocus>SetProperty(Image_Preview,https://i.imgur.com/pc4UhVc.jpg)</onfocus>
                        </control> -->
						
						<control type="radiobutton" id="9005" description="Instalar Alfa">
                            <include>Dialog_Standard_ListButton</include>
                            <radioposx>630</radioposx>
                            <label>Alfa</label>
							<selected>System.HasAddon(plugin.video.alfa)</selected>							
                            <onclick>InstallAddon(plugin.video.alfa)</onclick>	
							<onfocus>SetProperty(Image_Preview,https://i.imgur.com/Ii3dBvu.png)</onfocus>
                        
												
                       <!-- <control type="radiobutton" id="9004" description="Instalar Cristal Azul">
                            <include>Dialog_Standard_ListButton</include>
                            <radioposx>630</radioposx>
                            <label>Cristal Azul</label>
							<selected>System.HasAddon(plugin.video.cristalazul)</selected>
                            <onclick>InstallAddon(plugin.video.cristalazul)</onclick>	
							<onfocus>SetProperty(Image_Preview,https://i.imgur.com/JaBOkSd.jpg)</onfocus>
                        </control> -->
						
						
						</control><control type="radiobutton" id="9003" description="Instalar Balandro">
                            <include>Dialog_Standard_ListButton</include>
                            <radioposx>630</radioposx>
                            <label>Balandro</label>
							<selected>System.HasAddon(plugin.video.balandro)</selected>
                            <onclick>InstallAddon(plugin.video.balandro)</onclick>	
							<onfocus>SetProperty(Image_Preview,https://i.imgur.com/dKLvZFr.png)</onfocus>
                        </control>
						
						
						<control type="radiobutton" id="9007" description="Instalar Palantir 2">
                            <include>Dialog_Standard_ListButton</include>
                            <radioposx>630</radioposx>
                            <label>Palantir 2</label>
							<selected>System.HasAddon(plugin.video.palantir2)</selected>
							<onclick>InstallAddon(plugin.video.palantir2)</onclick>	
							<onfocus>SetProperty(Image_Preview,https://i.imgur.com/BFisxaN.png)</onfocus>
                        </control>
						
						
						<!-- <control type="radiobutton" id="9008" description="Instalar Tacones">
                            <include>Dialog_Standard_ListButton</include>
                            <radioposx>630</radioposx>
                            <label>Tacones</label>
							<selected>System.HasAddon(plugin.video.tacones)</selected>							
                            <onclick>InstallAddon(plugin.video.tacones)</onclick>	
							<onfocus>SetProperty(Image_Preview,https://i.imgur.com/xhowaT2.png)</onfocus>
                        </control> -->
						
						
						<control type="radiobutton" id="9009" description="Instalar Torrest">
                            <include>Dialog_Standard_ListButton</include>
                            <radioposx>630</radioposx>
                            <label>Torrest</label>
							<selected>System.HasAddon(plugin.video.torrest)</selected>							
                            <onclick>InstallAddon(plugin.video.torrest)</onclick>	
							<onfocus>SetProperty(Image_Preview,https://i.imgur.com/laUXBbZ.png)</onfocus>
                        </control>
						
						
                        <control type="radiobutton" id="9010" description="Continuar">
                            <include>Dialog_Standard_ListButton</include>
                            <label>Continuar</label>
                            <onclick condition="String.IsEmpty(Window(Home).Property(RunWizard))">ReloadSkin()</onclick>
                            <onclick condition="!String.IsEmpty(Window(Home).Property(RunWizard))">Close</onclick>
                            <onclick condition="!String.IsEmpty(Window(Home).Property(RunWizard))">ReplaceWindow(1120)</onclick>
							<onfocus>SetProperty(Image_Preview,special://skin/extras/backgrounds/firstrun.jpg)</onfocus>
                        </control>				
						

           </control>
        </control>
    </controls>
</window>
