<?xml version="1.0" encoding="UTF-8" standalone="yes"?>
<addon id="repository.GTKing" name="[B][COLOR steelblue]Repo[/COLOR] [COLOR azure]GTKing[/COLOR][/B]" version="2.7.5" provider-name="gtkingbuild">
    <extension point="xbmc.addon.repository" name="[B][COLOR dodgerblue]Repo[/COLOR] [COLOR azure]GTKing[/COLOR][/B]">
        <dir minversion="18.0" maxversion="18.9.0">
            <info compressed="false">https://raw.githubusercontent.com/gtkingbuild/Repo-GTKing/master/leia/zips/addons.xml</info>
            <checksum>https://raw.githubusercontent.com/gtkingbuild/Repo-GTKing/master/leia/zips/addons.xml.md5</checksum>
            <datadir zip="true">https://raw.githubusercontent.com/gtkingbuild/Repo-GTKing/master/leia/zips/</datadir>
        </dir>
        <dir minversion="18.9.0">
            <info compressed="false">https://raw.githubusercontent.com/gtkingbuild/Repo-GTKing/master/matrix/zips/addons.xml</info>
            <checksum>https://raw.githubusercontent.com/gtkingbuild/Repo-GTKing/master/matrix/zips/addons.xml.md5</checksum>
            <datadir zip="true">https://raw.githubusercontent.com/gtkingbuild/Repo-GTKing/master/matrix/zips/</datadir>
        </dir>
        <dir minversion="18.9.0">
            <info>https://raw.githubusercontent.com/Palantiraddon/Repo/master/Palantir/addons.xml</info>
            <checksum>https://raw.githubusercontent.com/Palantiraddon/Repo/master/Palantir/addons.xml.md5</checksum>
            <datadir zip="true">https://raw.githubusercontent.com/Palantiraddon/repo/master/Palantir/</datadir>
        </dir>
    </extension>
    
    <extension point="xbmc.addon.metadata">
        <summary>[B][COLOR steelblue]Repo[/COLOR] [COLOR azure]GTKing[/COLOR][/B]</summary>
        <description>[B]Repositorio de addons [COLOR dodgerblue]GTKING[/COLOR].[/B]</description>
        <disclaimer>[B]Éste repositorio sólo recoge addons válidos para Kodi 18.x LEIA.[/B]</disclaimer>
        <platform>all</platform>
        <assets>
            <icon>icon.png</icon>
            <fanart>fanart.jpg</fanart>
        </assets>
		<source>https://github.com/gtkingbuild/Repo-GTKing/</source>
    </extension>
</addon>
